docs_path,bytes,canonical_asset_paths,blob_sha
docs/gm-facing/assets/icons/adversaries-features/kinetic-slam.webp,499608,assets/icons/attacks/kinetic-slam.webp,d623b6ed2b8ee09d0a5145203e98b6e308c7df97
docs/gm-facing/assets/icons/adversaries-features/overload.webp,222190,assets/icons/domains/circuit/overload.webp,5a628e28919ace477a26ed3389a62f463be77d45
docs/gm-facing/assets/icons/adversaries-features/pinning-strike.webp,175420,assets/icons/features/pinning-strike.webp,58e3ba2290cce9393070a8f1a1f05c9429d8d5e8
docs/gm-facing/assets/icons/adversaries-features/whirlwind.webp,192698,assets/icons/subclasses/whirlwind.webp,f9c090452eb58fcf1a9d3dbfc5d02c42942f7c6d
docs/gm-facing/assets/icons/adversaries/ar-projector.webp,205300,assets/icons/adversaries/ar-projector.webp,60ac8dad4e6a85d8b7b9d45540ef66753f579925
docs/gm-facing/assets/icons/adversaries/augmented-street-performer.webp,283456,assets/icons/adversaries/augmented-street-performer.webp,42f7b67d700ccbeefaed3e3baf80b9c667ea1c2b
docs/gm-facing/assets/icons/adversaries/auto-targeting-sniper-node.webp,224924,assets/icons/adversaries/auto-targeting-sniper-node.webp,9e01430aa0064df9263be9ed058337bb327af915
docs/gm-facing/assets/icons/adversaries/automated-barricade-deployment-system.webp,413240,assets/icons/adversaries/automated-barricade-deployment-system.webp,90013076b9f43ceff44f6b10b7512e6cc01ab1f9
docs/gm-facing/assets/icons/adversaries/automated-machinegun-turret.webp,263928,assets/icons/adversaries/automated-machinegun-turret.webp,085f1ba2ce89036427a3361f775b173d4538af20
docs/gm-facing/assets/icons/adversaries/autonomous-combat-drone-aerial.webp,279326,assets/icons/adversaries/autonomous-combat-drone-aerial.webp,cd8c300c0336603acb3cc473eefde5b64e4ccf27
docs/gm-facing/assets/icons/adversaries/autonomous-combat-drone-ground.webp,335580,assets/icons/adversaries/autonomous-combat-drone-ground.webp,32f9395169cd49da5f338b6e3fe4f5d5f9008a7b
docs/gm-facing/assets/icons/adversaries/autonomous-guard-bot.webp,279876,assets/icons/adversaries/autonomous-guard-bot.webp,c8cf3315b474f1154427b3d7bdc35771ed164fdb
docs/gm-facing/assets/icons/adversaries/awakened-kid.webp,193894,assets/icons/adversaries/awakened-kid.webp,ee71f1a0d2d7da4c96dd834c426a28509d4e867f
docs/gm-facing/assets/icons/adversaries/body-mod-enthusiast.webp,327960,assets/icons/adversaries/body-mod-enthusiast.webp,154ae0dc2220375379af8d2bb89d3ff6e3e6c260
docs/gm-facing/assets/icons/adversaries/burned-out-decker.webp,393782,assets/icons/adversaries/burned-out-decker.webp,4da6b6e9c175be83a5256084d23a2e4bfad417da
docs/gm-facing/assets/icons/adversaries/ceiling-drop-restraint-mesh.webp,557266,assets/icons/adversaries/ceiling-drop-restraint-mesh.webp,7a574680d91b7fb096f7b599bfbc91e7fbf918d2
docs/gm-facing/assets/icons/adversaries/chemical-mist-neutralizer.webp,357922,assets/icons/adversaries/chemical-mist-neutralizer.webp,8ea693af220921ad3bedce0be6a9a87a84b6e7a9
docs/gm-facing/assets/icons/adversaries/choir-of-glass-knifer.webp,261430,assets/icons/adversaries/choir-of-glass-knifer.webp,130add2df54efe900827d9a011d803a3edc7c249
docs/gm-facing/assets/icons/adversaries/conspiracy-vlogger.webp,263916,assets/icons/adversaries/conspiracy-vlogger.webp,fbc9b34ed708f6d52d46454c7bebb54c095a5fb2
docs/gm-facing/assets/icons/adversaries/corp-intern-with-tablet.webp,266664,assets/icons/adversaries/corp-intern-with-tablet.webp,19a0007d946a126eb26b78ef151124d6ef41d2fe
docs/gm-facing/assets/icons/adversaries/corp-spec-guard-android.webp,346584,assets/icons/adversaries/corp-spec-guard-android.webp,41af9a3fe8da697d1e40e5dcbc55be5fe140dc34
docs/gm-facing/assets/icons/adversaries/corporate-courier.webp,245620,assets/icons/adversaries/corporate-courier.webp,699497562532fcec0a1fd687c4ee20d959ae0138
docs/gm-facing/assets/icons/adversaries/desk-console.webp,327494,assets/icons/adversaries/desk-console.webp,998450b1b6c37abe72268376721aee977ce19f0c
docs/gm-facing/assets/icons/adversaries/diner-regular-with-backpack.webp,297330,assets/icons/adversaries/diner-regular-with-backpack.webp,ba1745068d9a7425dff8ca3f3af7f7d52435a7fb
docs/gm-facing/assets/icons/adversaries/dockworker-with-grease-stains.webp,407862,assets/icons/adversaries/dockworker-with-grease-stains.webp,e980a6a4ffb7d96f5cf609522db52593b6e432be
docs/gm-facing/assets/icons/adversaries/down-on-his-luck-corporate-drone.webp,426274,assets/icons/adversaries/down-on-his-luck-corporate-drone.webp,4ee1d256d2a43e96001e9c9109058f57cb862896
docs/gm-facing/assets/icons/adversaries/drunk-salaryman.webp,325334,assets/icons/adversaries/drunk-salaryman.webp,aa646a7850531e1837808b938cc16156acf7c645
docs/gm-facing/assets/icons/adversaries/echo-runner.webp,294232,assets/icons/adversaries/echo-runner.webp,b98cf64f2f68fb034b3d402321d946d0839efa14
docs/gm-facing/assets/icons/adversaries/elderly-shopkeeper.webp,287430,assets/icons/adversaries/elderly-shopkeeper.webp,5178efa732de50e7f6e3d099f1c5c95c71ec628c
docs/gm-facing/assets/icons/adversaries/electro-pulse-mine.webp,329196,assets/icons/adversaries/electro-pulse-mine.webp,53caac5767f76118a819b7e45c5bd44029cd76c4
docs/gm-facing/assets/icons/adversaries/electronic-lock.webp,194674,assets/icons/adversaries/electronic-lock.webp,6ae19df6143a0621eb0f37097276f34057839e52
docs/gm-facing/assets/icons/adversaries/emergency-beacon.webp,141550,assets/icons/adversaries/emergency-beacon.webp,032ba07ac5930818d9b7839b9c054f4af090430f
docs/gm-facing/assets/icons/adversaries/entrapment-foam-ejector.webp,229556,assets/icons/adversaries/entrapment-foam-ejector.webp,ebfbac55d755aa963d73112fa15ecbb2ede0303a
docs/gm-facing/assets/icons/adversaries/environmental-sensor.webp,190820,assets/icons/adversaries/environmental-sensor.webp,8ed31ec4f580ca2a278ab425970a594843268625
docs/gm-facing/assets/icons/adversaries/ex-gang-member-trying-to-stay-clean.webp,372550,assets/icons/adversaries/ex-gang-member-trying-to-stay-clean.webp,6c3cad8af8a3d12b1bd57e3b1bf3cfaf60d9fa82
docs/gm-facing/assets/icons/adversaries/ex-military-veteran.webp,412012,assets/icons/adversaries/ex-military-veteran.webp,e4376443459459663ccb8a960acdad0d3d3287b4
docs/gm-facing/assets/icons/adversaries/explosive-decoy-crate.webp,366254,assets/icons/adversaries/explosive-decoy-crate.webp,40b83746ff4b3e904b911923a299f26e2571b067
docs/gm-facing/assets/icons/adversaries/fixers-messenger.webp,277158,assets/icons/adversaries/fixers-messenger.webp,93b42381eee9631fdf5bcff81ebc965510374c8b
docs/gm-facing/assets/icons/adversaries/glassmask-lookout.webp,265056,assets/icons/adversaries/glassmask-lookout.webp,08d10c7d598c2f70ab47977b1ccdf8cc4ffd4e4d
docs/gm-facing/assets/icons/adversaries/guardrail-jackpot-trap.webp,305870,assets/icons/adversaries/guardrail-jackpot-trap.webp,b495bd55361e5aefdd55f2249450033be4532c87
docs/gm-facing/assets/icons/adversaries/heat-seeking-micro-rocket-turret.webp,207744,assets/icons/adversaries/heat-seeking-micro-rocket-turret.webp,262606f91fe5325df940c89a4983a89c9948fdb8
docs/gm-facing/assets/icons/adversaries/high-voltage-security-door.webp,319026,assets/icons/adversaries/high-voltage-security-door.webp,9e450ff34f707a503192d0eafe6a15b147b50bcd
docs/gm-facing/assets/icons/adversaries/holo-terminal.webp,261918,assets/icons/adversaries/holo-terminal.webp,253b7bc6f5a981392b08db43d3de20101923c992
docs/gm-facing/assets/icons/adversaries/hostile-intruder-spray-unit.webp,550450,assets/icons/adversaries/hostile-intruder-spray-unit.webp,94e76e6368b7dcf3aa89f9eec46fd8dade27d8a6
docs/gm-facing/assets/icons/adversaries/illegal-cybertech-dealer.webp,249822,assets/icons/adversaries/illegal-cybertech-dealer.webp,a4a4ed745170d2f8a270e849d7c7f3a31a4a244c
docs/gm-facing/assets/icons/adversaries/internal-turret-track-system.webp,286466,assets/icons/adversaries/internal-turret-track-system.webp,885578d319d61f6c6961b60a3d56d3391fa5022c
docs/gm-facing/assets/icons/adversaries/joyrider-biker.webp,346172,assets/icons/adversaries/joyrider-biker.webp,e2413f186a8bd096c9378f0ede36716a2a0ad01b
docs/gm-facing/assets/icons/adversaries/laser-tripwire-grid.webp,233954,assets/icons/adversaries/laser-tripwire-grid.webp,170451f3505593eedcda6ba4015c4cf5c241e4fd
docs/gm-facing/assets/icons/adversaries/late-shift-worker-eating-breakfast.webp,244304,assets/icons/adversaries/late-shift-worker-eating-breakfast.webp,59768f310c29949c4843046187d7798d82ff6c6b
docs/gm-facing/assets/icons/adversaries/local-courier.webp,309150,assets/icons/adversaries/local-courier.webp,b937c1563850bdce3e6efd8935f6e5bdc2907ab6
docs/gm-facing/assets/icons/adversaries/matrix-relay.webp,300002,assets/icons/adversaries/matrix-relay.webp,fbd9d9eaa54bfe55e940b0fe707926df4f3400af
docs/gm-facing/assets/icons/adversaries/medical-scanner.webp,147626,assets/icons/adversaries/medical-scanner.webp,ecb3bba04c3df12696651fded95475f11bd55435
docs/gm-facing/assets/icons/adversaries/micro-camera.webp,215778,"assets/icons/adversaries/micro-camera.webp;assets/tokens/devices/micro-camera.webp",cd1177af1139e412f21f74083268ee7b6d204eba
docs/gm-facing/assets/icons/adversaries/micro-missile-sentry-pod.webp,332642,assets/icons/adversaries/micro-missile-sentry-pod.webp,3edd3574dfe2cf9edf8dab4ea0ee3e815ae0841b
docs/gm-facing/assets/icons/adversaries/microdrone-swarm-dispenser.webp,298956,assets/icons/adversaries/microdrone-swarm-dispenser.webp,eaca901240248a963ece5305bc091d2e608757eb
docs/gm-facing/assets/icons/adversaries/monofilament-perimeter-wire.webp,304416,assets/icons/adversaries/monofilament-perimeter-wire.webp,e25b4fa5bbb7e661fa9a5a5f18ce6d00dea39ec6
docs/gm-facing/assets/icons/adversaries/neon-sign-controller.webp,162510,assets/icons/adversaries/neon-sign-controller.webp,ab6b9dc7ed386e96a9d6f8a9c64e9456795fbbf1
docs/gm-facing/assets/icons/adversaries/off-duty-prostitute-sipping-coffee.webp,344906,assets/icons/adversaries/off-duty-prostitute-sipping-coffee.webp,6944d657e01fc9cc950b9f1bc2a6e7db72f366dc
docs/gm-facing/assets/icons/adversaries/off-duty-security-guard.webp,297032,assets/icons/adversaries/off-duty-security-guard.webp,87fc8c76adc527cfbde6c8efd2362658bd4f96bf
docs/gm-facing/assets/icons/adversaries/pattern-touched-beggar.webp,254834,assets/icons/adversaries/pattern-touched-beggar.webp,e743ca3e9919433ea442fded0724107823fb660e
docs/gm-facing/assets/icons/adversaries/payment-terminal.webp,138840,assets/icons/adversaries/payment-terminal.webp,85738d2e5f9b36cf46dc7eb59ac1687d660e902c
docs/gm-facing/assets/icons/adversaries/personal-drone.webp,407072,assets/icons/adversaries/personal-drone.webp,62f23952b125fd425c775d1cc161691c9acfe276
docs/gm-facing/assets/icons/adversaries/quiet-ganger.webp,347504,assets/icons/adversaries/quiet-ganger.webp,5d9771fd0f4b504eda396422f04ed99726e6a008
docs/gm-facing/assets/icons/adversaries/rail-slug-wall-cannon.webp,368822,assets/icons/adversaries/rail-slug-wall-cannon.webp,803cb878b2249c390b8675cbaa148428ba51e4d1
docs/gm-facing/assets/icons/adversaries/rave-enforcer.webp,318482,assets/icons/adversaries/rave-enforcer.webp,da7b0ccd65b86d45e2c87086fb51e936f0193b0f
docs/gm-facing/assets/icons/adversaries/remote-triggered-nanoshard-mine.webp,374932,assets/icons/adversaries/remote-triggered-nanoshard-mine.webp,8e6799eef74d60b1ecbfdcb46e9267d22d6cda44
docs/gm-facing/assets/icons/adversaries/runner-doing-fixer-errands.webp,188792,assets/icons/adversaries/runner-doing-fixer-errands.webp,f8ee971afc25a69261053d52950164a2599e1d31
docs/gm-facing/assets/icons/adversaries/security-drone.webp,124936,assets/icons/adversaries/security-drone.webp,6a8e831ec6db0bd31a8eddd11ecca0868f6614d5
docs/gm-facing/assets/icons/adversaries/security-mech-frame.webp,339172,assets/icons/adversaries/security-mech-frame.webp,211c7ba89222dfaf19c8f9cbadd592a4441aed30
docs/gm-facing/assets/icons/adversaries/security-ripper-drone.webp,384510,assets/icons/adversaries/security-ripper-drone.webp,e66f6228cb0514b38baf7001f608b3ed4cb16f67
docs/gm-facing/assets/icons/adversaries/service-bot.webp,165824,assets/icons/adversaries/service-bot.webp,34cddda27b1ecb82e36fc454c3775c6a0b3ec9fb
docs/gm-facing/assets/icons/adversaries/shock-floor-conduction-plates.webp,352364,assets/icons/adversaries/shock-floor-conduction-plates.webp,bd210d3620a0114b1c89cf077dca0e8cec074051
docs/gm-facing/assets/icons/adversaries/silent-alarm.webp,99150,assets/icons/adversaries/silent-alarm.webp,f7a30a5de19af00a814e9cccb0a932e949124b4d
docs/gm-facing/assets/icons/adversaries/sleep-deprived-student.webp,286760,assets/icons/adversaries/sleep-deprived-student.webp,531e5b557ff1c24dbf66f5b56df2b1aeeea42258
docs/gm-facing/assets/icons/adversaries/smart-appliance.webp,173068,assets/icons/adversaries/smart-appliance.webp,a603f7f9612fb2a6a2f268cd2a78275df3c93bad
docs/gm-facing/assets/icons/adversaries/smart-claymore-charge.webp,316964,assets/icons/adversaries/smart-claymore-charge.webp,00598cd06dc34a1d56704cb621807cdfb816e755
docs/gm-facing/assets/icons/adversaries/smartphone.webp,356078,assets/icons/adversaries/smartphone.webp,0bfadf4838e76d50873123ebfe85a0aa06941c0e
docs/gm-facing/assets/icons/adversaries/sonic-disruption-cannon.webp,318872,assets/icons/adversaries/sonic-disruption-cannon.webp,30720fb9e31bd7e73abac136c759459160499a07
docs/gm-facing/assets/icons/adversaries/street-kid-with-scavenged-cyberware.webp,263548,assets/icons/adversaries/street-kid-with-scavenged-cyberware.webp,a9798fd970f60a97914d6ca2ba9690b984ac82ad
docs/gm-facing/assets/icons/adversaries/street-medic.webp,324732,assets/icons/adversaries/street-medic.webp,9c977d21506a0e4ba626bca2141f1cc177eed370
docs/gm-facing/assets/icons/adversaries/streetlamp-node.webp,444748,assets/icons/adversaries/streetlamp-node.webp,9d2fecaaac7ebcab9acc425a3badce6fc1790581
docs/gm-facing/assets/icons/adversaries/synthetic-food-vendor.webp,370924,assets/icons/adversaries/synthetic-food-vendor.webp,81baee4726f7ed1f9eb5b5ab9624a0b6734cf718
docs/gm-facing/assets/icons/adversaries/taser-web-launcher.webp,323292,assets/icons/adversaries/taser-web-launcher.webp,9d951a40de29371458bd46ae84ea859107090f7c
docs/gm-facing/assets/icons/adversaries/thermal-motion-detector.webp,293336,assets/icons/adversaries/thermal-motion-detector.webp,247d3ed8bdfd809e820c7cd62753ee2ccc17cb12
docs/gm-facing/assets/icons/adversaries/tired-paramedic-on-break.webp,245986,assets/icons/adversaries/tired-paramedic-on-break.webp,262397b2a1eb13df60a31b792c01376d8e00f4b1
docs/gm-facing/assets/icons/adversaries/undercity-preacher.webp,283368,assets/icons/adversaries/undercity-preacher.webp,1d7618a3c9cf1640677c740b9359adc71e4757ca
docs/gm-facing/assets/icons/adversaries/vehicle-interface-node.webp,214846,assets/icons/adversaries/vehicle-interface-node.webp,139305919eb678e24ead4d85613954cd8432b514
docs/gm-facing/assets/icons/adversaries/washed-up-mage.webp,349270,assets/icons/adversaries/washed-up-mage.webp,964ed01c505ff8df9ec566f05b295836a56d6ffc
docs/gm-facing/assets/icons/adversaries/wearable-tech.webp,212286,assets/icons/adversaries/wearable-tech.webp,89a492ee2f8ad6cf23887ced6e093783e01a89d9
docs/gm-facing/assets/images/adversaries/abraxas-cult-leader.png,1951171,assets/images/adversaries/abraxas-cult-leader.png,3e081de3f88802989d6bab7af0eb39de0f4a25db
docs/gm-facing/assets/images/adversaries/abraxas-cultist.png,1801852,assets/images/adversaries/abraxas-cultist.png,f8e48521cb4e8ed876f12eb3d931892b84ef9329
docs/gm-facing/assets/images/adversaries/abraxas-modified-deer.png,2362711,assets/images/adversaries/abraxas-modified-deer.png,6391c479c4b8ba58de3e28951726298ce4ad6201
docs/gm-facing/assets/images/adversaries/aggressive-librarian.png,1213051,assets/images/adversaries/aggressive-librarian.png,bbe94e0aac6800124c3efea6b6a15cd1577865a4
docs/gm-facing/assets/images/adversaries/altered-coyote.png,1325589,assets/images/adversaries/altered-coyote.png,31e30c83fb6ad5e0bb09898865385b785d45037e
docs/gm-facing/assets/images/adversaries/altered-raven.png,1322967,assets/images/adversaries/altered-raven.png,778f3fc648445ce17ad8134673c404aaa4b5bc4c
docs/gm-facing/assets/images/adversaries/altered-threshold-cougar.png,1748062,assets/images/adversaries/altered-threshold-cougar.png,b6e48fbfcf91f7d5d517b2625e168ee4127b0bfa
docs/gm-facing/assets/images/adversaries/Baton-wielding corporate guard.png,3025484,assets/images/adversaries/Baton-wielding corporate guard.png,8a0bd7199bcf2e239f52ee312c885bc20bfa1a19
docs/gm-facing/assets/images/adversaries/bella-in-transport-tank.webp,459216,assets/images/adversaries/bella-in-transport-tank.webp,2d47bb1ce8e3b1819e632e93d9309f3fc359f085
docs/gm-facing/assets/images/adversaries/bella-the-aboleth.webp,395166,assets/images/adversaries/bella-the-aboleth.webp,9e174c41b78e2862a5abe7c2456b723fcb1313ec
docs/gm-facing/assets/images/adversaries/cascade-burrowtail.png,1847852,assets/images/adversaries/cascade-burrowtail.png,b5d44bee6f24ea3c64865fb13a1185b4c89078d6
docs/gm-facing/assets/images/adversaries/cavelor-finn.png,1795226,assets/images/adversaries/cavelor-finn.png,3f1b1067dcb79ee63c12307d0e322f3d79bee849
docs/gm-facing/assets/images/adversaries/clevermask.png,1515505,assets/images/adversaries/clevermask.png,d7e94403fe05dde1c2fc6d786a06047a9621622b
docs/gm-facing/assets/images/adversaries/Corporate Guard.png,2596669,assets/images/adversaries/Corporate Guard.png,c0122cfcab03de1ae5912bc8bff7ce250e29dbc4
docs/gm-facing/assets/images/adversaries/Desmond Vael.png,2970376,assets/images/adversaries/Desmond Vael.png,6bd99e8fc8b7a13bbdc65316fa9d19090451c562
docs/gm-facing/assets/images/adversaries/Head Corporate Guard.png,2962930,assets/images/adversaries/Head Corporate Guard.png,d621af0bdccb2d0ba79ad7a21bec9d66b8459f00
docs/gm-facing/assets/images/adversaries/healers-folly.png,2008027,assets/images/adversaries/healers-folly.png,fb6d7a8badcbf1061d333c37816ee59cf3f76ae0
docs/gm-facing/assets/images/adversaries/liminal-research-drone.png,2189550,assets/images/adversaries/liminal-research-drone.png,b51914c0af8622cc1440cf3695fa850a5523bd58
docs/gm-facing/assets/images/adversaries/Lina holding Mr. Button.better.png,2128298,assets/images/adversaries/Lina holding Mr. Button.better.png,50a48f3954d9c03c7688dab8c4348964d5358dee
docs/gm-facing/assets/images/adversaries/Mira Osie-Asante.png,2840084,assets/images/adversaries/Mira Osie-Asante.png,31a39ca9280bb55d8377c4dacb5ea173a388e6bc
docs/gm-facing/assets/images/adversaries/mireborn-thrall-enforcer.webp,354258,assets/images/adversaries/mireborn-thrall-enforcer.webp,09d4eadba6048bfa90578d4c7607b293ca3bd614
docs/gm-facing/assets/images/adversaries/mireborn-thrall-group.webp,422294,assets/images/adversaries/mireborn-thrall-group.webp,de0aa172e55ddc64111a51c635f27eb16542bff8
docs/gm-facing/assets/images/adversaries/pierjaw-crab.webp,506964,assets/images/adversaries/pierjaw-crab.webp,97640075f0535ea9aacce7412472de8b46d6ec5b
docs/gm-facing/assets/images/adversaries/raz-eel-pack.webp,337528,assets/images/adversaries/raz-eel-pack.webp,f8b743694d476a3cc8b3e5490078d38aaa2d1db1
docs/gm-facing/assets/images/adversaries/Sable Yuen.png,2760809,assets/images/adversaries/Sable Yuen.png,650c4a88f3b96804f6e2a16d36f95afd9df11757
docs/gm-facing/assets/images/adversaries/sewerjaw-gator.png,2582801,assets/images/adversaries/sewerjaw-gator.png,2d31b08cb9195f5102c92a004ab94490b783dd7d
docs/gm-facing/assets/images/environments/corporate office.png,2653480,assets/images/environments/corporate office.png,6f63f5da2c7b6e49e15dbcacb570ca6f95de8ed6
docs/gm-facing/assets/images/environments/cut-off.png,1900575,assets/images/environments/cut-off.png,c1dec88e3e9f449e3e7ba9f7d797d4c88b2cc6ea
docs/gm-facing/assets/images/environments/Highway rush hour.png,2709003,assets/images/environments/Highway rush hour.png,01883824b11cea34602958957b5cfe229ec726c5
docs/gm-facing/assets/images/environments/Midnight streets.png,2769329,assets/images/environments/Midnight streets.png,0de9d2177c6750903de0e09701c76288a4fd21d1
docs/gm-facing/assets/images/environments/neon-diner.png,1621599,assets/images/environments/neon-diner.png,393f5d8ebb572af2c028f28cc238e1ea5aacadd9
docs/gm-facing/assets/images/environments/pedestrians.png,2111789,assets/images/environments/pedestrians.png,689c62caa128d185bcd5947c7a59771c46c6bb21
docs/gm-facing/assets/images/environments/police-pursuit.png,1935672,assets/images/environments/police-pursuit.png,eb661121ab037095aa9f18e7f7a083794321bc08
docs/gm-facing/assets/images/environments/short-cut.png,2039007,assets/images/environments/short-cut.png,4d4072d906b82a69dbb2480787686593c22369d0
docs/gm-facing/assets/images/environments/slick-road.png,2073128,assets/images/environments/slick-road.png,8a10473aa70a4783e8e2ff1b89899fdf1930cfda
docs/gm-facing/assets/images/npcs/cass-kincaid-token.png,92509,assets/images/npcs/cass-kincaid-token.png,7c5b1476dd20901dd8a41fd5b96881ac6b7e4714
docs/gm-facing/assets/images/npcs/cassiel-cass-kincaid.png,2836675,assets/images/npcs/cassiel-cass-kincaid.png,4a594680293563a40bea44c016f0d2e79cffbfa5
docs/gm-facing/assets/images/npcs/Cybermancer tokens/cass-kincaid-token.png,92509,assets/images/npcs/cass-kincaid-token.png,7c5b1476dd20901dd8a41fd5b96881ac6b7e4714
docs/gm-facing/assets/images/npcs/Cybermancer tokens/lyra-kincaid-token.png,93959,assets/images/npcs/lyra-kincaid-token.png,b7744d6c4de405fee9ec6d6d8a2b1d9e9192c8df
docs/gm-facing/assets/images/npcs/dr-ryen-vale.webp,362240,assets/images/npcs/dr-ryen-vale.webp,bff0db7e9785cba9c16af7c78554b5371bcef33c
docs/gm-facing/assets/images/npcs/Elena Voss.png,2322435,assets/images/npcs/Elena Voss.png,4c77b49837e8fa071561f2818ad6266e87a9e543
docs/gm-facing/assets/images/npcs/father-hex.webp,319526,assets/images/npcs/father-hex.webp,0956ab4de322645411b2b12b8d4a839dfb297afc
docs/gm-facing/assets/images/npcs/jax-breaker.webp,383538,assets/images/npcs/jax-breaker.webp,0c5df035132b89e2dfa06aafd03f634e0e5d5137
docs/gm-facing/assets/images/npcs/jax-geometer-rinn.webp,353406,assets/images/npcs/jax-geometer-rinn.webp,6bd74d432f087b3314e81195ce7847d58f7be73d
docs/gm-facing/assets/images/npcs/kade-stonewall-harrow.png,2729836,assets/images/npcs/kade-stonewall-harrow.png,fe67b38ba070b3f4cad079603a6e72fa8168f257
docs/gm-facing/assets/images/npcs/kaden-holt.webp,359194,assets/images/npcs/kaden-holt.webp,0c80c9c9cabcbe749026950bb0c1e507e4ff83ba
docs/gm-facing/assets/images/npcs/lantern-room-emblem-2.webp,289452,assets/images/npcs/lantern-room-emblem-2.webp,466feda653767fae4de89f33b376cca45c7d9c50
docs/gm-facing/assets/images/npcs/lantern-room-emblem.webp,452444,assets/images/npcs/lantern-room-emblem.webp,ea84c7c8b6a4159d6c94bb670384cb258300a278
docs/gm-facing/assets/images/npcs/lira-slipstream-calder.png,2249145,assets/images/npcs/lira-slipstream-calder.png,05d060841fce89f155ca86dcdafb49a1dfbbf171
docs/gm-facing/assets/images/npcs/lyra-kincaid-token.png,93959,assets/images/npcs/lyra-kincaid-token.png,b7744d6c4de405fee9ec6d6d8a2b1d9e9192c8df
docs/gm-facing/assets/images/npcs/lyra-kincaid.png,2304058,assets/images/npcs/lyra-kincaid.png,310d9e6b6062eae27c3f17b23fa5d87969386008
docs/gm-facing/assets/images/npcs/mara-holt.webp,392230,assets/images/npcs/mara-holt.webp,3fd336ddf14bbbb53c71508053054c2036468d7b
docs/gm-facing/assets/images/npcs/mara-ma-kuroda.png,2618703,assets/images/npcs/mara-ma-kuroda.png,ec9eb1333a477c73cf2d5c0e8ad996cda23fb76e
docs/gm-facing/assets/images/npcs/moira-bins.png,2685004,assets/images/npcs/moira-bins.png,82bac836aa70e158d8595c25ac2a608bd6e69d58
docs/gm-facing/assets/images/npcs/moira-bins.webp,448068,assets/images/npcs/moira-bins.webp,56f492c9b63c71d2b979cf7e033063662e517c2e
docs/gm-facing/assets/images/npcs/nox-phantomware-kade.png,3060737,assets/images/npcs/nox-phantomware-kade.png,ca42ab95de07e4dc4dced85dcc81316e9a914574
docs/gm-facing/assets/images/npcs/nyla-ghostglass.webp,288304,assets/images/npcs/nyla-ghostglass.webp,6a23b1270aeaca4787fa83406dc3c86ecf14d88d
docs/gm-facing/assets/images/npcs/selene-varro.webp,301462,assets/images/npcs/selene-varro.webp,ffbd51aa541ca2551a10041b372f6ae2e7416d51
docs/gm-facing/assets/images/npcs/sera-brightline-vance.png,3322567,assets/images/npcs/sera-brightline-vance.png,030dfb78a57f69c8c3488a1cab4dcfd7d7312ea0
docs/gm-facing/assets/images/npcs/torque.webp,419720,assets/images/npcs/torque.webp,79ed85828603a0cb29913afe2e73167da5f068f8
docs/gm-facing/assets/images/world/the-resonance.png,2711264,assets/images/world/the-resonance.png,87c98933b5d59aeaf7854e32b18ce37e1369b64b
docs/player-facing/assets/icons/ammo/armor-piercing-rounds.webp,363860,assets/icons/ammo/armor-piercing-rounds.webp,d89200673833ee9f11ef06d95d047e7d22cd2b76
docs/player-facing/assets/icons/ammo/breeching-shells.webp,192636,assets/icons/ammo/breeching-shells.webp,fe30b9c779d528d9ac55e9eed7cf4a07c420146e
docs/player-facing/assets/icons/ammo/cryo-slugs.webp,245600,assets/icons/ammo/cryo-slugs.webp,ecc4f8e4a8f94d2973d3d55d62cdc6d438cf3a48
docs/player-facing/assets/icons/ammo/data-spike-rounds.webp,100284,assets/icons/ammo/data-spike-rounds.webp,66cfdacef1d2ff0fc43831e3b13d0ab4b435b48c
docs/player-facing/assets/icons/ammo/emp-shells.webp,167216,assets/icons/ammo/emp-shells.webp,930abc67cac24b7ba19c542ecaa8da35c50c907f
docs/player-facing/assets/icons/ammo/nanite-rounds.webp,263780,assets/icons/ammo/nanite-rounds.webp,2bcf11b857f454b430fbc72abb27089af8f0558e
docs/player-facing/assets/icons/ammo/reactive-shrapnel-shells.webp,298218,assets/icons/ammo/reactive-shrapnel-shells.webp,084c60e42a2a9fe403178bcd429f6b5e657d386b
docs/player-facing/assets/icons/ammo/smart-rounds.webp,222900,assets/icons/ammo/smart-rounds.webp,cedb127d553cf913fbcbe5fb90b6bb847b81f266
docs/player-facing/assets/icons/ammo/sonic-rounds.webp,261980,assets/icons/ammo/sonic-rounds.webp,02a8034309ce41b1e417953a708bf8acffbde5a0
docs/player-facing/assets/icons/ammo/thermobaric-rounds.webp,132984,assets/icons/ammo/thermobaric-rounds.webp,4d8f87e5a30b9f4ca206477ba160f12ff77241b5
docs/player-facing/assets/icons/ammo/toxic-rounds.webp,194620,assets/icons/ammo/toxic-rounds.webp,a564f7f0e2f2722102891fdb2e184688774e4a81
docs/player-facing/assets/icons/ammo/tracer-rounds.webp,316160,assets/icons/ammo/tracer-rounds.webp,d22d36690d254589e1a4e5d7b14dfe7c29449343
docs/player-facing/assets/icons/ammo/tracker-rounds.webp,151260,assets/icons/ammo/tracker-rounds.webp,50458900ef0d1221580b2dea51c8421d3dba8774
docs/player-facing/assets/icons/armors/advanced-slash-resistant-jacket.webp,316520,assets/icons/armors/advanced-slash-resistant-jacket.webp,bb5eb826dc741d26f416e2cc607d669f8511bdf2
docs/player-facing/assets/icons/armors/arc-shield-mesh.webp,175654,assets/icons/armors/arc-shield-mesh.webp,e041483ef064a3e980f7dcbce52089c161129b30
docs/player-facing/assets/icons/armors/assault-carapace.webp,284652,assets/icons/armors/assault-carapace.webp,dabf2f99d54d3a6d836656510f703526ee490e64
docs/player-facing/assets/icons/armors/auto-heal-laminate.webp,242364,assets/icons/armors/auto-heal-laminate.webp,a78360ffa2a573dc34d0e7149b9628a17355aca5
docs/player-facing/assets/icons/armors/casters-conduit-harness.webp,175166,assets/icons/armors/casters-conduit-harness.webp,6bec57d60f599fa1abe392e18dfb452d37d843f4
docs/player-facing/assets/icons/armors/ceramsteel-chest-rig.webp,245948,assets/icons/armors/ceramsteel-chest-rig.webp,e6d7216195d93d75cd867ba16ede50002ad7d76e
docs/player-facing/assets/icons/armors/composite-riot-carapace.webp,280926,assets/icons/armors/composite-riot-carapace.webp,86f71c57eee76c660b44afbdbcc74e71e7d232bd
docs/player-facing/assets/icons/armors/double-buffer-plating.webp,224980,assets/icons/armors/double-buffer-plating.webp,b26f4462629489ccd8b4e70de58309cb9789b86e
docs/player-facing/assets/icons/armors/emberguard-mantle.webp,232790,assets/icons/armors/emberguard-mantle.webp,74747cf70ba94eb863c9b476c10e3c027949a65c
docs/player-facing/assets/icons/armors/enhanced-riot-carapace.webp,255662,assets/icons/armors/enhanced-riot-carapace.webp,b3a7f282d93e999a2efeef09adf070e66e661e2f
docs/player-facing/assets/icons/armors/failsafe-exo-plate.webp,181208,assets/icons/armors/failsafe-exo-plate.webp,c878796d8f18ff0b31161fe7ce312a3f01c65f66
docs/player-facing/assets/icons/armors/ghoststep-weave.webp,176106,assets/icons/armors/ghoststep-weave.webp,42031c9505fd8f2c7fed497335fc2f1410264866
docs/player-facing/assets/icons/armors/gilded-boardroom-suit.webp,374808,assets/icons/armors/gilded-boardroom-suit.webp,ed8bca922f58767f390473f9dbe339db5c4b076b
docs/player-facing/assets/icons/armors/hexweave-mantle.webp,267966,assets/icons/armors/hexweave-mantle.webp,fcd585c2d6c0a14fbc2aeb6f75f185dbfc88cf3f
docs/player-facing/assets/icons/armors/hope-bank-vest.webp,301480,assets/icons/armors/hope-bank-vest.webp,f85ea2e90067b20487bb360f2100343e951f5bcb
docs/player-facing/assets/icons/armors/impact-padded-street-vest.webp,202478,assets/icons/armors/impact-padded-street-vest.webp,9f5ddfd93b5c2fa94cd10a089be1703c957474a1
docs/player-facing/assets/icons/armors/kevflex-jacket-mk-ii.webp,162708,assets/icons/armors/kevflex-jacket-mk-ii.webp,cd2dc7b7e5e8bf06bc82cfebef75aa4d41ed62bb
docs/player-facing/assets/icons/armors/kevflex-jacket.webp,257772,assets/icons/armors/kevflex-jacket.webp,732399a547af7ddcdea1d800a2f1225648fc2f29
docs/player-facing/assets/icons/armors/kevflex-trench.webp,211426,assets/icons/armors/kevflex-trench.webp,5c5307320e3c5036eaf6367dfc4fe675bd86d7b9
docs/player-facing/assets/icons/armors/kinetic-only-bulwark.webp,160644,assets/icons/armors/kinetic-only-bulwark.webp,c2254a294b47d5f7e818e9aaa930336351ed531e
docs/player-facing/assets/icons/armors/kinetic-shift-harness.webp,166860,assets/icons/armors/kinetic-shift-harness.webp,10f00ab9f8cde4af0d60bfcaa7b26b75330f31c2
docs/player-facing/assets/icons/armors/legendary-assault-carapace.webp,215486,assets/icons/armors/legendary-assault-carapace.webp,0a1c52dec612864a74d3c89a73c7d206e9b46b81
docs/player-facing/assets/icons/armors/legendary-gel-suit.webp,316852,assets/icons/armors/legendary-gel-suit.webp,4f076c5752893afb89f918c05cc1d014136834dc
docs/player-facing/assets/icons/armors/legendary-kevflex-trench.webp,186232,assets/icons/armors/legendary-kevflex-trench.webp,7f36136e41c8edb77ea7be7fe632e8d4509e145f
docs/player-facing/assets/icons/armors/legendary-polymer-coat.webp,224298,assets/icons/armors/legendary-polymer-coat.webp,1a8cad64f5a6a88a69f6c60b2558e80a18b6f498
docs/player-facing/assets/icons/armors/pain-route-harness.webp,221962,assets/icons/armors/pain-route-harness.webp,1cc4d47fb7785795b524e77ad542444a92d4ec2d
docs/player-facing/assets/icons/armors/razor-stud-carapace.webp,215612,assets/icons/armors/razor-stud-carapace.webp,8b807492e4b566b78f1598c17dd3313644712a37
docs/player-facing/assets/icons/armors/reinforced-street-vest.webp,161152,assets/icons/armors/reinforced-street-vest.webp,41b890eab907b0c2738e6f601238146431aa9434
docs/player-facing/assets/icons/armors/savior-polymer-aegis.webp,279186,assets/icons/armors/savior-polymer-aegis.webp,e2dec73bed1b25fa771d75271220cf40d2ae17ad
docs/player-facing/assets/icons/armors/slash-resistant-polymer-coat.webp,219572,assets/icons/armors/slash-resistant-polymer-coat.webp,eb901ae2c246299003b344404009736aff964ddf
docs/player-facing/assets/icons/armors/slash-resistant-polymer-jacket.webp,249090,assets/icons/armors/slash-resistant-polymer-jacket.webp,cfc40003fd599575173c6214d382ed1eb3e7ac21
docs/player-facing/assets/icons/armors/tactical-gel-suit.webp,277426,assets/icons/armors/tactical-gel-suit.webp,4766fa588b2d18d13fe9b041c1dd7d99b26b05a7
docs/player-facing/assets/icons/armors/timeslip-silks.webp,214898,assets/icons/armors/timeslip-silks.webp,0118adf09477f7ba6ef98d01d14dde5dcfaec571
docs/player-facing/assets/icons/armors/truthlight-carapace.webp,180502,assets/icons/armors/truthlight-carapace.webp,9ade32cf70f7040570e8110aaf1948da3f299abe
docs/player-facing/assets/icons/classes/cybermancer.webp,253052,assets/icons/classes/cybermancer.webp,dd192622295a4d5aca3e2ec9d1fd8cb23ed8cc82
docs/player-facing/assets/icons/classes/netrunner.png,2575686,assets/icons/classes/netrunner.png,d3866e6eb1f050c5758735cd244efe65ffad0c52
docs/player-facing/assets/icons/classes/netrunner.webp,347072,assets/icons/classes/netrunner.webp,5f45c962e79e60a8093fe9f27413f5ebc1d49457
docs/player-facing/assets/icons/classes/razzhacker.png,1836563,assets/icons/classes/razzhacker.png,a3f64887a6ed9c33693782d2d7dabcfd702b1723
docs/player-facing/assets/icons/classes/rigger.png,2068817,assets/icons/classes/rigger.png,d992503eceed0411c3fc10c11b6df5ecadf89acf
docs/player-facing/assets/icons/classes/rigger.webp,290078,assets/icons/classes/rigger.webp,760e74549c40f6c81035bf7b29aae64b50cdca18
docs/player-facing/assets/icons/classes/street-samurai.webp,359458,assets/icons/classes/street-samurai.webp,378bf4f48d593b72550736d56612c4a75084f75e
docs/player-facing/assets/icons/consumables/agility-booster-nanoshot.webp,134964,assets/icons/consumables/agility-booster-nanoshot.webp,124fda4453411ba9a41b52e3553336085dc104a3
docs/player-facing/assets/icons/consumables/agility-booster-plus.webp,77234,assets/icons/consumables/agility-booster-plus.webp,13b36d658f5167435c1f05586dfaab9fe34401e4
docs/player-facing/assets/icons/consumables/arc-data-gem.webp,265606,"assets/icons/consumables/arc-data-gem.webp;assets/icons/loot/arc-data-gem.webp",af9026baf7a7f8bdadab4c949a51a045001cc243
docs/player-facing/assets/icons/consumables/arc-empty-chest-module.webp,275426,"assets/icons/consumables/arc-empty-chest-module.webp;assets/icons/loot/arc-empty-chest-module.webp",1bd72527465179d260b1d39e7589ff930940d26a
docs/player-facing/assets/icons/consumables/arc-greatstone-relay.webp,168838,"assets/icons/consumables/arc-greatstone-relay.webp;assets/icons/loot/arc-greatstone-relay.webp",e1948fbb385256fc573b545b22625549b2305c05
docs/player-facing/assets/icons/consumables/arc-intrusion-key.webp,284902,"assets/icons/consumables/arc-intrusion-key.webp;assets/icons/loot/arc-intrusion-key.webp",73d5fa279383ce19aa1a2ef460412aed625cea9f
docs/player-facing/assets/icons/consumables/arc-memory-stone.webp,257794,"assets/icons/consumables/arc-memory-stone.webp;assets/icons/loot/arc-memory-stone.webp",d3327701c35952ef448e6d6dc280dac51d0432ff
docs/player-facing/assets/icons/consumables/arc-nanoshot.webp,252812,"assets/icons/consumables/arc-nanoshot.webp;assets/icons/loot/arc-nanoshot.webp",f0f1bd1fc0cf5297e34a3beead42f636ce6bca5d
docs/player-facing/assets/icons/consumables/arc-resonance-powder.webp,247416,assets/icons/consumables/arc-resonance-powder.webp,d1848cf2fbfdcbc2085c763e39ba7ff4f84fbcbe
docs/player-facing/assets/icons/consumables/arc-stride-relic-shard.webp,208234,"assets/icons/consumables/arc-stride-relic-shard.webp;assets/icons/loot/arc-stride-relic-shard.webp",9d7e212a177da0ee2ab4188b11762f039d3c1a10
docs/player-facing/assets/icons/consumables/armor-nanite-repair-kit.webp,232734,assets/icons/consumables/armor-nanite-repair-kit.webp,ebbe3b19dc15ac1a7753069e4b0ee6721dbe2885
docs/player-facing/assets/icons/consumables/biomimetic-mask-gel.webp,163170,assets/icons/consumables/biomimetic-mask-gel.webp,cd1bde2a290a8fc0096e7516ede1b7a08d89dc51
docs/player-facing/assets/icons/consumables/black-glider-beacon.webp,130452,"assets/icons/consumables/black-glider-beacon.webp;assets/icons/loot/black-glider-beacon.webp",83e3290db7875e6d0c3d8286371297a01ce7394c
docs/player-facing/assets/icons/consumables/chrome-data-gem.webp,181634,"assets/icons/consumables/chrome-data-gem.webp;assets/icons/loot/chrome-data-gem.webp",65044a62eea28398c867da35d9a462044ae632ec
docs/player-facing/assets/icons/consumables/chrome-fire-jar-beacon.webp,163248,"assets/icons/consumables/chrome-fire-jar-beacon.webp;assets/icons/loot/chrome-fire-jar-beacon.webp",0ab7d0e4087a7e396b58c8f52970c29c5bc6698c
docs/player-facing/assets/icons/consumables/chrome-flickerfly-pendant-driver.webp,254486,"assets/icons/consumables/chrome-flickerfly-pendant-driver.webp;assets/icons/loot/chrome-flickerfly-pendant-driver.webp",3e3322dafb58bde3047702370ea03e1010cd250d
docs/player-facing/assets/icons/consumables/chrome-haptics.webp,401314,"assets/icons/consumables/chrome-haptics.webp;assets/icons/loot/chrome-haptics.webp",f4c4404b8e658af15ea6dc604ace4cb1940f2780
docs/player-facing/assets/icons/consumables/chrome-homing-compasses-beacon.webp,149604,"assets/icons/consumables/chrome-homing-compasses-beacon.webp;assets/icons/loot/chrome-homing-compasses-beacon.webp",d9eb67b4d23cd356ca8e9a5c94bc77a5d1d75664
docs/player-facing/assets/icons/consumables/cipher-arc-torch.webp,88368,"assets/icons/consumables/cipher-arc-torch.webp;assets/icons/loot/cipher-arc-torch.webp",8cecaf0a905865f1114ff1748848927892516f14
docs/player-facing/assets/icons/consumables/cipher-calming-pendant-lens.webp,155990,"assets/icons/consumables/cipher-calming-pendant-lens.webp;assets/icons/loot/cipher-calming-pendant-lens.webp",ca2e69aefc1397e24392256482381ae83265de63
docs/player-facing/assets/icons/consumables/cipher-luck-patch.webp,273296,"assets/icons/consumables/cipher-luck-patch.webp;assets/icons/loot/cipher-luck-patch.webp",d0a89bef69a6ea6ffda382558d804d16c0864aab
docs/player-facing/assets/icons/consumables/cipher-shard-of-node.webp,185802,"assets/icons/consumables/cipher-shard-of-node.webp;assets/icons/loot/cipher-shard-of-node.webp",1e082190cb5fd742643e0b5c4ef48d68111f5be8
docs/player-facing/assets/icons/consumables/Cognitive_Overclock_Pill.webp,2550,"assets/icons/consumables/Cognitive_Overclock_Pill.webp;assets/icons/consumables/cognitive-overclock-pill.webp",18d82eca2cde2f435844e0aeb10d8d7617f4e5b4
docs/player-facing/assets/icons/consumables/cognitive-overclock-pill.webp,2550,"assets/icons/consumables/Cognitive_Overclock_Pill.webp;assets/icons/consumables/cognitive-overclock-pill.webp",18d82eca2cde2f435844e0aeb10d8d7617f4e5b4
docs/player-facing/assets/icons/consumables/cognitive-overclock-plus.webp,278030,assets/icons/consumables/cognitive-overclock-plus.webp,89102a6426653499f47db10c3f36a9c2da4b8423
docs/player-facing/assets/icons/consumables/combat-regen-inhalant.webp,235494,assets/icons/consumables/combat-regen-inhalant.webp,c12147ab7fe0b56b0e3718244c47e759458f540e
docs/player-facing/assets/icons/consumables/Corrosive_Edge_Coating.webp,2580,"assets/icons/consumables/Corrosive_Edge_Coating.webp;assets/icons/consumables/corrosive-edge-coating.webp",f013a7559d444470c80892927f60cacbe5ca5d66
docs/player-facing/assets/icons/consumables/corrosive-edge-coating.webp,2580,"assets/icons/consumables/Corrosive_Edge_Coating.webp;assets/icons/consumables/corrosive-edge-coating.webp",f013a7559d444470c80892927f60cacbe5ca5d66
docs/player-facing/assets/icons/consumables/data-clone-chip.webp,229860,assets/icons/consumables/data-clone-chip.webp,64430b4d46fdc963bfe184390b8d68f3eb08094d
docs/player-facing/assets/icons/consumables/deep-sleep-capsule.webp,292174,assets/icons/consumables/deep-sleep-capsule.webp,e602d56bacb8b62e931b95d3b1ab79fdd56c902c
docs/player-facing/assets/icons/consumables/enhanced-corrosive-edge-coating.webp,224292,assets/icons/consumables/enhanced-corrosive-edge-coating.webp,58fdb3ed58b4c68e2ed46d93de1fd6954b0e97b3
docs/player-facing/assets/icons/consumables/flashbang-grenade.webp,105030,assets/icons/consumables/flashbang-grenade.webp,2b8ed480bcb625812133310cc0cfff12ad1fff4c
docs/player-facing/assets/icons/consumables/flux-bolster-relic-relay.webp,163858,"assets/icons/consumables/flux-bolster-relic-relay.webp;assets/icons/loot/flux-bolster-relic-relay.webp",b32c5769c462d0606fb0f7334053d18fa1a8e529
docs/player-facing/assets/icons/consumables/flux-circuit-ring.webp,307796,"assets/icons/consumables/flux-circuit-ring.webp;assets/icons/loot/flux-circuit-ring.webp",5dfcf3b205429a504b8909c66ebd15c7aa039a8c
docs/player-facing/assets/icons/consumables/flux-speaking-orbs-key.webp,238164,"assets/icons/consumables/flux-speaking-orbs-key.webp;assets/icons/loot/flux-speaking-orbs-key.webp",8d778524600260a32a3ac18eff0c3235a007480a
docs/player-facing/assets/icons/consumables/focus-amp-tabs.webp,361320,assets/icons/consumables/focus-amp-tabs.webp,08ca1b922e0df4feb458b0cc6d712e19b0e795de
docs/player-facing/assets/icons/consumables/ghost-attune-relic-mask.webp,198544,"assets/icons/consumables/ghost-attune-relic-mask.webp;assets/icons/loot/ghost-attune-relic-mask.webp",ad237a71d0f4b8557fbd264e8690138445622210
docs/player-facing/assets/icons/consumables/ghost-clay-companion-relay.webp,295200,"assets/icons/consumables/ghost-clay-companion-relay.webp;assets/icons/loot/ghost-clay-companion-relay.webp",a1c498b6c511e0cec9ff561949112e853a0ad162
docs/player-facing/assets/icons/consumables/ghost-control-relic-injector.webp,154304,"assets/icons/consumables/ghost-control-relic-injector.webp;assets/icons/loot/ghost-control-relic-injector.webp",82919e835f67dae5fce54dbfc855b007fe445c3d
docs/player-facing/assets/icons/consumables/ghost-ghostweave-cloak.webp,164116,"assets/icons/consumables/ghost-ghostweave-cloak.webp;assets/icons/loot/ghost-ghostweave-cloak.webp",7625edac5a3670dc2c92c2de4de0b7d62b2b6cab
docs/player-facing/assets/icons/consumables/ghost-hopekeeper-locket-node.webp,176990,"assets/icons/consumables/ghost-hopekeeper-locket-node.webp;assets/icons/loot/ghost-hopekeeper-locket-node.webp",cec6732614814aeb2b48507edfdc8552123fe6bd
docs/player-facing/assets/icons/consumables/ghost-luck-patch.webp,372500,"assets/icons/consumables/ghost-luck-patch.webp;assets/icons/loot/ghost-luck-patch.webp",9aa47615799ab6625f53b8161e67c773753796c5
docs/player-facing/assets/icons/consumables/grav-damp-chip.webp,153802,assets/icons/consumables/grav-damp-chip.webp,2c9774429e49737bf190ae7bd2750a85d914fc80
docs/player-facing/assets/icons/consumables/grav-lift-harness.webp,233820,assets/icons/consumables/grav-lift-harness.webp,6ae3671b5b13c45ac2908b52ba8b0f3b669143d1
docs/player-facing/assets/icons/consumables/grid-arcane-prism-lens.webp,288520,"assets/icons/consumables/grid-arcane-prism-lens.webp;assets/icons/loot/grid-arcane-prism-lens.webp",8b9c4592373ef809e564f12f09a4b7b48799dd66
docs/player-facing/assets/icons/consumables/grid-valorstone-injector.webp,293394,"assets/icons/consumables/grid-valorstone-injector.webp;assets/icons/loot/grid-valorstone-injector.webp",68272284d57119432c1270a4e4309e85afaa92a0
docs/player-facing/assets/icons/consumables/grid-vial-of-driver.webp,314974,"assets/icons/consumables/grid-vial-of-driver.webp;assets/icons/loot/grid-vial-of-driver.webp",98bddb42784e1b0b45abc018cbb8198a78d0a4d9
docs/player-facing/assets/icons/consumables/guaranteed-critical-algorithm.webp,211090,assets/icons/consumables/guaranteed-critical-algorithm.webp,05ec4f163346593ce95cb51b9c266ec7aca2386b
docs/player-facing/assets/icons/consumables/hyper-corrosive-edge-coating.webp,197674,assets/icons/consumables/hyper-corrosive-edge-coating.webp,c5d620b62e2de24480ecf5354ae13bffb91ac2a9
docs/player-facing/assets/icons/consumables/improved-plasma-grenade.webp,305956,assets/icons/consumables/improved-plasma-grenade.webp,b6c82eac0a1feff3343a99abf63d79f9724f896d
docs/player-facing/assets/icons/consumables/industrial-adhesive-gel.webp,175574,assets/icons/consumables/industrial-adhesive-gel.webp,49909f364f29982aedc7f959f896b0f3dc785f00
docs/player-facing/assets/icons/consumables/Instinct_Amplifier_Chip.webp,3114,"assets/icons/consumables/Instinct_Amplifier_Chip.webp;assets/icons/consumables/instinct-amplifier-chip.webp",3fc81fb3deb64ea4f14615df0e5c097b58aa7092
docs/player-facing/assets/icons/consumables/instinct-amplifier-chip.webp,3114,"assets/icons/consumables/Instinct_Amplifier_Chip.webp;assets/icons/consumables/instinct-amplifier-chip.webp",3fc81fb3deb64ea4f14615df0e5c097b58aa7092
docs/player-facing/assets/icons/consumables/instinct-amplifier-plus.webp,304984,assets/icons/consumables/instinct-amplifier-plus.webp,263a6fe3b4249e44edf37e7770354db1deca6ac1
docs/player-facing/assets/icons/consumables/kinetic-leg-booster.webp,233472,assets/icons/consumables/kinetic-leg-booster.webp,0b38b6c9a45008903c1eeaddd890c0bf3a579c5e
docs/player-facing/assets/icons/consumables/macro-size-serum.webp,185202,assets/icons/consumables/macro-size-serum.webp,3db8e7ce5009ad6ee76352b5a54067b658618c3b
docs/player-facing/assets/icons/consumables/major-adrenaline-patch.webp,311008,assets/icons/consumables/major-adrenaline-patch.webp,27406c98b42daca530f365b434341c900f7d3b97
docs/player-facing/assets/icons/consumables/major-health-stimpack.webp,226870,assets/icons/consumables/major-health-stimpack.webp,1a5886936b5905d0b26bcb5544f359ee4e9ab313
docs/player-facing/assets/icons/consumables/major-plasma-grenade.webp,184256,assets/icons/consumables/major-plasma-grenade.webp,12967fa7c2f91296a7eff24790aa8aa57b4a2bfe
docs/player-facing/assets/icons/consumables/memory-transfer-crystal.webp,280562,assets/icons/consumables/memory-transfer-crystal.webp,26d7797cfc16ccc1a06540b5147301a6ed5c648b
docs/player-facing/assets/icons/consumables/micro-size-serum.webp,129892,assets/icons/consumables/micro-size-serum.webp,b8a769a4e17db094b329e85bb43f800f4581acb5
docs/player-facing/assets/icons/consumables/Minor_Adrenaline_Patch.webp,2132,"assets/icons/consumables/Minor_Adrenaline_Patch.webp;assets/icons/consumables/minor-adrenaline-patch.webp",32162c224a898f10fdc60980cb8ad5c43e56b80a
docs/player-facing/assets/icons/consumables/Minor_Health_Stimpack.webp,2060,"assets/icons/consumables/Minor_Health_Stimpack.webp;assets/icons/consumables/minor-health-stimpack.webp",0e5f9c55f21f28499ab1fb09698e60d92eea5d21
docs/player-facing/assets/icons/consumables/minor-adrenaline-patch.webp,2132,"assets/icons/consumables/Minor_Adrenaline_Patch.webp;assets/icons/consumables/minor-adrenaline-patch.webp",32162c224a898f10fdc60980cb8ad5c43e56b80a
docs/player-facing/assets/icons/consumables/minor-health-stimpack.webp,2060,"assets/icons/consumables/Minor_Health_Stimpack.webp;assets/icons/consumables/minor-health-stimpack.webp",0e5f9c55f21f28499ab1fb09698e60d92eea5d21
docs/player-facing/assets/icons/consumables/mirror-circuit-ring.webp,247110,"assets/icons/consumables/mirror-circuit-ring.webp;assets/icons/loot/mirror-circuit-ring.webp",b37bdba0b39753a317a7d33e3ef0d586e65fee8c
docs/player-facing/assets/icons/consumables/mirror-corrector-sprite-mask.webp,312086,"assets/icons/consumables/mirror-corrector-sprite-mask.webp;assets/icons/loot/mirror-corrector-sprite-mask.webp",e34d88923dcbfdd99dc78ac6874ad51731a44f0a
docs/player-facing/assets/icons/consumables/mirror-grav-boots.webp,290868,"assets/icons/consumables/mirror-grav-boots.webp;assets/icons/loot/mirror-grav-boots.webp",9919203b06cb332e7e28725fad5e3d3591af2c9d
docs/player-facing/assets/icons/consumables/mirror-nanoshot.webp,111018,"assets/icons/consumables/mirror-nanoshot.webp;assets/icons/loot/mirror-nanoshot.webp",0ce497852454e85e8a4474c34344c46f71fab931
docs/player-facing/assets/icons/consumables/morale-beacon-flare.webp,178876,assets/icons/consumables/morale-beacon-flare.webp,e37d1df2ddc8761502911f21ecb128aa0d0b8aa3
docs/player-facing/assets/icons/consumables/muscle-overdrive-plus.webp,277722,assets/icons/consumables/muscle-overdrive-plus.webp,4b080566862b20ad04687dc3c10529807e1efe03
docs/player-facing/assets/icons/consumables/muscle-overdrive-serum.webp,279396,assets/icons/consumables/muscle-overdrive-serum.webp,aa869ed2b3fad96f3c8ebb1d7ad955406da9f97f
docs/player-facing/assets/icons/consumables/nano-cache-pack.webp,308752,"assets/icons/consumables/nano-cache-pack.webp;assets/icons/loot/nano-cache-pack.webp",e1f96e660f4df2816f9853a91329d1a55e12a8e5
docs/player-facing/assets/icons/consumables/nano-data-gem.webp,217228,"assets/icons/consumables/nano-data-gem.webp;assets/icons/loot/nano-data-gem.webp",79a1b58b9d6c5e66b61ab7958628675e8f75ca87
docs/player-facing/assets/icons/consumables/nano-lorekeeper-patch.webp,235800,"assets/icons/consumables/nano-lorekeeper-patch.webp;assets/icons/loot/nano-lorekeeper-patch.webp",fe750f625ed8af8ecb8a68f8d072b4fca81fe58b
docs/player-facing/assets/icons/consumables/nano-woven-net-module.webp,219432,"assets/icons/consumables/nano-woven-net-module.webp;assets/icons/loot/nano-woven-net-module.webp",057b3345de5ca95d2f808b11a67cb3047c6421ea
docs/player-facing/assets/icons/consumables/nanowire-bridge-pod.webp,176270,assets/icons/consumables/nanowire-bridge-pod.webp,0194ad966a5ca89f1fbbb32d6928fe4c840a11ac
docs/player-facing/assets/icons/consumables/neo-circuit-ring.webp,204828,"assets/icons/consumables/neo-circuit-ring.webp;assets/icons/loot/neo-circuit-ring.webp",532e20abafe6f9a012004f4990aaaba892ab91ad
docs/player-facing/assets/icons/consumables/neo-dual-flask-driver.webp,150628,"assets/icons/consumables/neo-dual-flask-driver.webp;assets/icons/loot/neo-dual-flask-driver.webp",d6010624832e9dc2736e735dcb3aa5c15ff5abec
docs/player-facing/assets/icons/consumables/neural-reset-drink.webp,245264,assets/icons/consumables/neural-reset-drink.webp,03d226a46b3cdf63d103cea5bbc56c1c36a35afc
docs/player-facing/assets/icons/consumables/neural-toxin-ampule.webp,150048,assets/icons/consumables/neural-toxin-ampule.webp,51405ab58c85acf3b964346be68bd79e38b11ec8
docs/player-facing/assets/icons/consumables/night-vision-eye-drops.webp,180096,assets/icons/consumables/night-vision-eye-drops.webp,31ca44fe60d648cbe73c983ebd4cfa39b08cb2ad
docs/player-facing/assets/icons/consumables/null-field-generator.webp,186336,assets/icons/consumables/null-field-generator.webp,764a35349ecd1083906917cf4acff67fc0373096
docs/player-facing/assets/icons/consumables/opti-bloodstone-injector.webp,201638,"assets/icons/consumables/opti-bloodstone-injector.webp;assets/icons/loot/opti-bloodstone-injector.webp",748c88cb5ecd52a76a833f19fca12b41ed602b76
docs/player-facing/assets/icons/consumables/opti-companion-case-key.webp,237374,"assets/icons/consumables/opti-companion-case-key.webp;assets/icons/loot/opti-companion-case-key.webp",0176ea0651f7d2c4b41f417187f695ee32eacba5
docs/player-facing/assets/icons/consumables/opti-honing-relic-patch.webp,232406,"assets/icons/consumables/opti-honing-relic-patch.webp;assets/icons/loot/opti-honing-relic-patch.webp",1bd3dc4dcf89dfea1d6209b938c65b89b14a7e54
docs/player-facing/assets/icons/consumables/opti-suspended-rod-spike.webp,161876,"assets/icons/consumables/opti-suspended-rod-spike.webp;assets/icons/loot/opti-suspended-rod-spike.webp",e11df628a9b02f7b41d62acdb53c71b055f8a0d0
docs/player-facing/assets/icons/consumables/orbital-strike-beacon.webp,233408,assets/icons/consumables/orbital-strike-beacon.webp,936052eae90d66a0aec868ab72547d50d576371e
docs/player-facing/assets/icons/consumables/Persona_Enhancement_Dose.webp,3374,"assets/icons/consumables/Persona_Enhancement_Dose.webp;assets/icons/consumables/persona-enhancement-dose.webp",17ba89574c7a85cb5e647ae370064f308e21bb1a
docs/player-facing/assets/icons/consumables/persona-enhancement-dose.webp,3374,"assets/icons/consumables/Persona_Enhancement_Dose.webp;assets/icons/consumables/persona-enhancement-dose.webp",17ba89574c7a85cb5e647ae370064f308e21bb1a
docs/player-facing/assets/icons/consumables/persona-enhancement-plus.webp,216778,assets/icons/consumables/persona-enhancement-plus.webp,f60bf33060586fed3bdd091ce5c4f4d8dbb4f526
docs/player-facing/assets/icons/consumables/phase-shift-serum.webp,173312,assets/icons/consumables/phase-shift-serum.webp,adc85854a5cd829d7b248142bcad5d6d048fd775
docs/player-facing/assets/icons/consumables/Precision_Sync_Injector.webp,2916,"assets/icons/consumables/Precision_Sync_Injector.webp;assets/icons/consumables/precision-sync-injector.webp",5c360f3fb3fe37144c365ec7445fb4afb566961f
docs/player-facing/assets/icons/consumables/precision-sync-injector.webp,2916,"assets/icons/consumables/Precision_Sync_Injector.webp;assets/icons/consumables/precision-sync-injector.webp",5c360f3fb3fe37144c365ec7445fb4afb566961f
docs/player-facing/assets/icons/consumables/precision-sync-plus.webp,211338,assets/icons/consumables/precision-sync-plus.webp,b83d28687b155fb192a36f075f07405aa0461f04
docs/player-facing/assets/icons/consumables/pyro-core-injector.webp,276390,assets/icons/consumables/pyro-core-injector.webp,00d7008ad51f666dfa48c3976f8596b21bee26d8
docs/player-facing/assets/icons/consumables/quantum-box-of-chip.webp,291508,"assets/icons/consumables/quantum-box-of-chip.webp;assets/icons/loot/quantum-box-of-chip.webp",66a2289da89aa4c091808005ae2a0c22a4282671
docs/player-facing/assets/icons/consumables/quantum-cache-pack.webp,235664,"assets/icons/consumables/quantum-cache-pack.webp;assets/icons/loot/quantum-cache-pack.webp",3c30c5ec65d3f32717e9313ac18ea9b63a621487
docs/player-facing/assets/icons/consumables/quantum-charging-quiver-module.webp,203208,"assets/icons/consumables/quantum-charging-quiver-module.webp;assets/icons/loot/quantum-charging-quiver-module.webp",80524df555946c93e39994ad544ca0f525dd0b90
docs/player-facing/assets/icons/consumables/quantum-flux-serum.webp,298838,assets/icons/consumables/quantum-flux-serum.webp,e0dfa9fdb9ccad4a68dae48752c5c8412918b5ab
docs/player-facing/assets/icons/consumables/quantum-piper-whistle-injector.webp,250608,"assets/icons/consumables/quantum-piper-whistle-injector.webp;assets/icons/loot/quantum-piper-whistle-injector.webp",f679bed0b769dfa31aa6b1f48606ffb406eb652e
docs/player-facing/assets/icons/consumables/reactive-deflection-matrix.webp,232164,assets/icons/consumables/reactive-deflection-matrix.webp,494723776d5ffe83adaf23ac7e235c2581574ca7
docs/player-facing/assets/icons/consumables/reactive-evasion-smoke.webp,282202,assets/icons/consumables/reactive-evasion-smoke.webp,263072c6e5dccc3998c74d92c777aeeb1e682d52
docs/player-facing/assets/icons/consumables/respirator-gel.webp,199738,assets/icons/consumables/respirator-gel.webp,a578b037800a84d7845a48c4ddb5064984ff1a9e
docs/player-facing/assets/icons/consumables/sonic-disruption-jar.webp,241772,assets/icons/consumables/sonic-disruption-jar.webp,500d78b5e648f016e5395ff572f184e88e59a97f
docs/player-facing/assets/icons/consumables/soothing-med-gel.webp,133618,assets/icons/consumables/soothing-med-gel.webp,6c2e9b89e71b60726f00dfac96a09370d9ec3081
docs/player-facing/assets/icons/consumables/spell-cache-drive.webp,257498,assets/icons/consumables/spell-cache-drive.webp,d0ba4f70f052eb6ce94fa73cd3d8f1b6c1f3daa0
docs/player-facing/assets/icons/consumables/standard-adrenaline-patch.webp,242508,assets/icons/consumables/standard-adrenaline-patch.webp,dea91b5ecf9a0001177316d0edd212c3391f6bac
docs/player-facing/assets/icons/consumables/standard-health-stimpack.webp,223636,assets/icons/consumables/standard-health-stimpack.webp,fd7bc95df9e53a2b205732ad7b3c42975a23bc1e
docs/player-facing/assets/icons/consumables/street-data-gem.webp,205632,"assets/icons/consumables/street-data-gem.webp;assets/icons/loot/street-data-gem.webp",43e4111e54aa972ed8d6968986d119763431e07d
docs/player-facing/assets/icons/consumables/street-mythic-dust-cache.webp,202642,"assets/icons/consumables/street-mythic-dust-cache.webp;assets/icons/loot/street-mythic-dust-cache.webp",7ab79e25de55e3ce4eeb8616806a7d4fa6291882
docs/player-facing/assets/icons/consumables/street-paragons-chain-injector.webp,256668,"assets/icons/consumables/street-paragons-chain-injector.webp;assets/icons/loot/street-paragons-chain-injector.webp",6805ff1f2ed516236348e998edd63ab979165149
docs/player-facing/assets/icons/consumables/street-phoenix-feather-module.webp,260660,"assets/icons/consumables/street-phoenix-feather-module.webp;assets/icons/loot/street-phoenix-feather-module.webp",d4462f75e7cf488f5543e751976ba47fe4636bc8
docs/player-facing/assets/icons/consumables/street-portal-seed-seal.webp,118798,"assets/icons/consumables/street-portal-seed-seal.webp;assets/icons/loot/street-portal-seed-seal.webp",35c3ab1a3e8e9fef8e4eb415050389ec14a4f802
docs/player-facing/assets/icons/consumables/synth-data-gem.webp,254242,"assets/icons/consumables/synth-data-gem.webp;assets/icons/loot/synth-data-gem.webp",f4cd4675b5ed3aa5ee702c225238d840d48cafaa
docs/player-facing/assets/icons/consumables/synth-enlighten-relic-patch.webp,259808,"assets/icons/consumables/synth-enlighten-relic-patch.webp;assets/icons/loot/synth-enlighten-relic-patch.webp",00721230183e9bac7f6630d66b56f7657633114c
docs/player-facing/assets/icons/consumables/synth-manacles-spike.webp,211016,"assets/icons/consumables/synth-manacles-spike.webp;assets/icons/loot/synth-manacles-spike.webp",5f8975e222be0b37b3d1246e3daa70b1f9ef5f16
docs/player-facing/assets/icons/consumables/synth-premium-bedroll-key.webp,184974,"assets/icons/consumables/synth-premium-bedroll-key.webp;assets/icons/loot/synth-premium-bedroll-key.webp",3782d062f553715f9993cd57f831938f37359f5c
docs/player-facing/assets/icons/consumables/synth-utility-belt.webp,352590,"assets/icons/consumables/synth-utility-belt.webp;assets/icons/loot/synth-utility-belt.webp",329a85f8681cede4e7e5e0e5fac4e5bca89eb90b
docs/player-facing/assets/icons/consumables/tracking-scrambler-mist.webp,245086,assets/icons/consumables/tracking-scrambler-mist.webp,63a77a5a605004835224e50092a73f0b60e62c1b
docs/player-facing/assets/icons/consumables/unstable-plasma-grenade.webp,270336,assets/icons/consumables/unstable-plasma-grenade.webp,0dc34e188905eb25f21fb656a8d2d3a10a5a132b
docs/player-facing/assets/icons/consumables/wall-melt-gel.webp,202314,assets/icons/consumables/wall-melt-gel.webp,aa8a85c45ae2ee7cf91735cdcdd8ed1f972e502d
docs/player-facing/assets/icons/consumables/zero-piercing-arrows-patch.webp,342716,"assets/icons/consumables/zero-piercing-arrows-patch.webp;assets/icons/loot/zero-piercing-arrows-patch.webp",68de7daef9b6bb7a7a38ff4ba080220540231795
docs/player-facing/assets/icons/consumables/zero-quantum-amulet.webp,246376,"assets/icons/consumables/zero-quantum-amulet.webp;assets/icons/loot/zero-quantum-amulet.webp",ee37ab955971f732b7d490a00755787c9175b409
docs/player-facing/assets/icons/cybernetics/adrenal-surge-regulator.webp,170318,assets/icons/cybernetics/adrenal-surge-regulator.webp,1fc8b569644cba92ebace4579360891c1f8369c6
docs/player-facing/assets/icons/cybernetics/adv-nanite-trauma-mesh.webp,223312,assets/icons/cybernetics/adv-nanite-trauma-mesh.webp,89cff885ef034861686c6d45beff0577a839d16e
docs/player-facing/assets/icons/cybernetics/arc-resonator-node.webp,350704,assets/icons/cybernetics/arc-resonator-node.webp,201149b1817776b1298cc55a38dca472f1c8d58f
docs/player-facing/assets/icons/cybernetics/brainiac-base-unit.webp,394448,assets/icons/cybernetics/brainiac-base-unit.webp,8b234094f4268dee197a25d424e0b4236530a196
docs/player-facing/assets/icons/cybernetics/brainiac-cpu-implant.webp,372520,assets/icons/cybernetics/brainiac-cpu-implant.webp,e73b6adf1a2b32311dfd3d133376ff920f176b26
docs/player-facing/assets/icons/cybernetics/brainiac-cyberdeck.webp,147092,assets/icons/cybernetics/brainiac-cyberdeck.webp,bee89eb8f839edf4b6064ff2e4e53a91f7f88cd9
docs/player-facing/assets/icons/cybernetics/brainiac-drone-control.webp,353068,assets/icons/cybernetics/brainiac-drone-control.webp,b0450a4841496cebabdf54840d868e555f32f8bf
docs/player-facing/assets/icons/cybernetics/brainiac-intuit.webp,271500,assets/icons/cybernetics/brainiac-intuit.webp,c0ba661977e684917d8cef6a56e342ac7404ebec
docs/player-facing/assets/icons/cybernetics/brainiac-know-it-all.webp,268034,assets/icons/cybernetics/brainiac-know-it-all.webp,e3f526724ff3f04e90536250cd32463c1edb9deb
docs/player-facing/assets/icons/cybernetics/brainiac-mirror-neuron-amplifier.webp,362118,assets/icons/cybernetics/brainiac-mirror-neuron-amplifier.webp,58006bd6f203cadd74ea9352bb6b23dd768042a1
docs/player-facing/assets/icons/cybernetics/brainiac-signal-amplifier-array.webp,343678,assets/icons/cybernetics/brainiac-signal-amplifier-array.webp,dc53bdf7201a80f81442e0ce51570d520b1b0b5f
docs/player-facing/assets/icons/cybernetics/brainiac-skilz.webp,177250,assets/icons/cybernetics/brainiac-skilz.webp,2670e5f505b4b0d33cc97c0dfee86c7cbbe2eb10
docs/player-facing/assets/icons/cybernetics/caracal-ears.webp,313356,assets/icons/cybernetics/caracal-ears.webp,fbc637fb5de5aa233ba406d070ebaa1c3fbbc083
docs/player-facing/assets/icons/cybernetics/chemical-hazard-sensor.webp,189920,assets/icons/cybernetics/chemical-hazard-sensor.webp,0cd7ec10f1e9b385d69f389414a8d4ed1c255536
docs/player-facing/assets/icons/cybernetics/claws.webp,344702,assets/icons/cybernetics/claws.webp,ade343fac5305be41a3953bb046a90817a9b0f4b
docs/player-facing/assets/icons/cybernetics/cognitive-filter-array.webp,315160,assets/icons/cybernetics/cognitive-filter-array.webp,ff50a901b664b8997dea8a31a1e11782900e4978
docs/player-facing/assets/icons/cybernetics/cognitive-manifold-core.webp,324828,assets/icons/cybernetics/cognitive-manifold-core.webp,662f013ae4e6538c89c4513094099ac810797424
docs/player-facing/assets/icons/cybernetics/cognitive-overclock-node.webp,331002,assets/icons/cybernetics/cognitive-overclock-node.webp,51ed2c5a8f9a23f7ebe48fd3e13cdbe7f72a8833
docs/player-facing/assets/icons/cybernetics/combat-reflex-core.webp,200516,assets/icons/cybernetics/combat-reflex-core.webp,5de86ab1d143be39f0a4b4db374e8d7d8ff0d83d
docs/player-facing/assets/icons/cybernetics/cortisol-modulator.webp,117692,assets/icons/cybernetics/cortisol-modulator.webp,ce101255e058bb4fdb47a07bf36e989db66350b5
docs/player-facing/assets/icons/cybernetics/cyberarm-all-access.webp,133996,assets/icons/cybernetics/cyberarm-all-access.webp,6c768e7b5acac85f7c3bccbbe32cc870674f04c0
docs/player-facing/assets/icons/cybernetics/cyberarm-arsenal.webp,130584,assets/icons/cybernetics/cyberarm-arsenal.webp,e00d69930e58886b14f803e22d157337d8247423
docs/player-facing/assets/icons/cybernetics/cyberarm-base-unit.webp,276938,assets/icons/cybernetics/cyberarm-base-unit.webp,e67bfc07fc5cf4bbcc55b5070d7e054e21262d11
docs/player-facing/assets/icons/cybernetics/cyberarm-combat-limbs.webp,230374,assets/icons/cybernetics/cyberarm-combat-limbs.webp,e26d0a83d2a9cf0ff7dff332ba6d805bf7292b6a
docs/player-facing/assets/icons/cybernetics/cyberarm-digital-uplink.webp,206434,assets/icons/cybernetics/cyberarm-digital-uplink.webp,1e521409f7da6e951b754b50b9c59c9c63599a3a
docs/player-facing/assets/icons/cybernetics/cyberarm-holdall.webp,287126,assets/icons/cybernetics/cyberarm-holdall.webp,a1bead09cefedbf5ba7221a584f44594e1424f72
docs/player-facing/assets/icons/cybernetics/cyberarm-hydraulic-actuator.webp,311394,assets/icons/cybernetics/cyberarm-hydraulic-actuator.webp,026df4a8b339cbbb9c8a74eba575f5b3fc418111
docs/player-facing/assets/icons/cybernetics/cyberarm-monowhip.webp,209646,assets/icons/cybernetics/cyberarm-monowhip.webp,da7d519b8e5996be7adefb3eccea278eb2f4ba16
docs/player-facing/assets/icons/cybernetics/cyberarm-shock-servo-enhancer.webp,296846,assets/icons/cybernetics/cyberarm-shock-servo-enhancer.webp,a585b529af1a5e3f2d725acb9cb9954d06569a5a
docs/player-facing/assets/icons/cybernetics/cyberarm-stiletto.webp,275692,assets/icons/cybernetics/cyberarm-stiletto.webp,fff60e4bf10cb61a72855ef4a7f0c3f059c12517
docs/player-facing/assets/icons/cybernetics/cyberarm-widow-spine.webp,478468,assets/icons/cybernetics/cyberarm-widow-spine.webp,1e7c74f31dbe6c088285888e9767e8b3c79b8f1a
docs/player-facing/assets/icons/cybernetics/dermal-plating-mk-i.webp,208236,assets/icons/cybernetics/dermal-plating-mk-i.webp,800dc2c79576cb0b1306f55837a8a5be2cd28f65
docs/player-facing/assets/icons/cybernetics/dermal-plating-mk-ii.webp,298232,assets/icons/cybernetics/dermal-plating-mk-ii.webp,0ce079a42318540e5514433c3adcbd2806e23409
docs/player-facing/assets/icons/cybernetics/dermal-plating-mk-iii.webp,251488,assets/icons/cybernetics/dermal-plating-mk-iii.webp,278c18b1fac595b9f8babf06d4caa24a6d2b03d8
docs/player-facing/assets/icons/cybernetics/dermal-plating-mk-iv.webp,244984,assets/icons/cybernetics/dermal-plating-mk-iv.webp,66e5aa11a37c542c6bad8805691a03744bb761a4
docs/player-facing/assets/icons/cybernetics/dreamweaver-chip.webp,213380,assets/icons/cybernetics/dreamweaver-chip.webp,7916a502184420c420bed7caea07a1a53c91eb80
docs/player-facing/assets/icons/cybernetics/dynamic-tattoo.webp,400732,assets/icons/cybernetics/dynamic-tattoo.webp,e9fd677e2155d1bb616e0173f3a4f41d8ca2f9e5
docs/player-facing/assets/icons/cybernetics/elite-nanite-trauma-mesh.webp,243718,assets/icons/cybernetics/elite-nanite-trauma-mesh.webp,58b5231a8dea0c3edf9ef232cc61e60850d5c3c3
docs/player-facing/assets/icons/cybernetics/emotive-pulse-regulator.webp,332186,assets/icons/cybernetics/emotive-pulse-regulator.webp,2dad564f8d564673c0f629d051c245e5f3ec2b6e
docs/player-facing/assets/icons/cybernetics/empathic-feedback-loop.webp,321466,assets/icons/cybernetics/empathic-feedback-loop.webp,751f6df57f070d900330e60306d25c6c9e9f5235
docs/player-facing/assets/icons/cybernetics/endosteel-frame.webp,321174,assets/icons/cybernetics/endosteel-frame.webp,5f4cea7f82fb158cbebe3255ce14e63e1ae9919c
docs/player-facing/assets/icons/cybernetics/etheric-amplifier.webp,300280,assets/icons/cybernetics/etheric-amplifier.webp,838a244b7253cd874174fdf90c052478f50dca82
docs/player-facing/assets/icons/cybernetics/etheric-dampening-core.webp,303804,assets/icons/cybernetics/etheric-dampening-core.webp,bed8135528daeb92f00f15a435dc06eb74a06c7a
docs/player-facing/assets/icons/cybernetics/feline-feet-mk-i.webp,339828,assets/icons/cybernetics/feline-feet-mk-i.webp,7123133272f3e99a2a0b2e2a8349b99f0a135da3
docs/player-facing/assets/icons/cybernetics/feline-feet-mk-ii.webp,243778,assets/icons/cybernetics/feline-feet-mk-ii.webp,a1f0f6df087d04df74c452f097a7ba71e1f5781d
docs/player-facing/assets/icons/cybernetics/feline-feet-mk-iii.webp,257946,assets/icons/cybernetics/feline-feet-mk-iii.webp,4060edffea7c1c0cbbdfeb1411974c9102a9e985
docs/player-facing/assets/icons/cybernetics/feline-feet-mk-iv.webp,327254,assets/icons/cybernetics/feline-feet-mk-iv.webp,ba2d7fdff16328d6634bcedcea2cf614862e96b9
docs/player-facing/assets/icons/cybernetics/gorilla-arms-mk-i.webp,348638,assets/icons/cybernetics/gorilla-arms-mk-i.webp,1e7660b7fdf815ac43041c19f02beb3e8f5eda2d
docs/player-facing/assets/icons/cybernetics/gorilla-arms-mk-ii.webp,192484,assets/icons/cybernetics/gorilla-arms-mk-ii.webp,3fd93ce39a3904395f76bcba68a944e3090abebb
docs/player-facing/assets/icons/cybernetics/gorilla-arms-mk-iii.webp,221496,assets/icons/cybernetics/gorilla-arms-mk-iii.webp,2384a22533f52c1446c6f04775637658313b5f01
docs/player-facing/assets/icons/cybernetics/gyroscopic-stabilizer-frame.webp,241348,assets/icons/cybernetics/gyroscopic-stabilizer-frame.webp,bfbe67a3008f0f5680603d0848907721c14e08fe
docs/player-facing/assets/icons/cybernetics/kinetic-absorber-matrix.webp,359970,assets/icons/cybernetics/kinetic-absorber-matrix.webp,a6f4dbe9131bd92cca902fc6c70221fd4326f586
docs/player-facing/assets/icons/cybernetics/limbic-nullifier.webp,289510,assets/icons/cybernetics/limbic-nullifier.webp,f243a4e4d4df8ea65d2d0fc399a057103197f480
docs/player-facing/assets/icons/cybernetics/mana-projector-coil.webp,408172,assets/icons/cybernetics/mana-projector-coil.webp,5d949eb6223bfcfba71fb1bedbc7706cc7aaa8c8
docs/player-facing/assets/icons/cybernetics/meditative-reflex-chip.webp,338636,assets/icons/cybernetics/meditative-reflex-chip.webp,494ba8d2d6a2843a5842d6499ea626f53768ffcc
docs/player-facing/assets/icons/cybernetics/modular-hardpoint-interface.webp,345128,assets/icons/cybernetics/modular-hardpoint-interface.webp,07a6b2e006a023ce52d3a77a1fad52c2a0531793
docs/player-facing/assets/icons/cybernetics/motion-prediction-gyro.webp,287748,assets/icons/cybernetics/motion-prediction-gyro.webp,6acf77308cfcb1ee2f6ecc40d65729db71e9fbe8
docs/player-facing/assets/icons/cybernetics/myomer-muscle-weave.webp,236242,assets/icons/cybernetics/myomer-muscle-weave.webp,422001f3e56659d267d0dcfaecc4ccad87adcafe
docs/player-facing/assets/icons/cybernetics/nanite-medigel-reservoir.webp,335844,assets/icons/cybernetics/nanite-medigel-reservoir.webp,3aa303b33ea881c57db52be32361e4b9cf1180ad
docs/player-facing/assets/icons/cybernetics/nanite-trauma-mesh.webp,254258,assets/icons/cybernetics/nanite-trauma-mesh.webp,4b1429d8851dda0be4a12be9a04e7e319f6cd1ed
docs/player-facing/assets/icons/cybernetics/nerve-lattice-fingertips.webp,300518,assets/icons/cybernetics/nerve-lattice-fingertips.webp,b7c9c893ac66532d211bd5afaa07556a4eb12c1b
docs/player-facing/assets/icons/cybernetics/neural-firewall.webp,193132,assets/icons/cybernetics/neural-firewall.webp,1df2a0ea5a4a4388db007b57ae603c405c7732fe
docs/player-facing/assets/icons/cybernetics/neural-precision-co-processor.webp,187580,assets/icons/cybernetics/neural-precision-co-processor.webp,08abd058b4ce0e1e4f460e0028e14350cea71c6b
docs/player-facing/assets/icons/cybernetics/neuro-spinal-load-balancer.webp,372198,assets/icons/cybernetics/neuro-spinal-load-balancer.webp,d91ddbfb3ba88566d8317c1876f57c1f19d2df03
docs/player-facing/assets/icons/cybernetics/oculus-allure-eye.webp,239564,assets/icons/cybernetics/oculus-allure-eye.webp,1549d593df52c8f2d8aca3dac9025efeaf35b339
docs/player-facing/assets/icons/cybernetics/oculus-base-unit.webp,322140,assets/icons/cybernetics/oculus-base-unit.webp,d4df25367b3f7473db5820ff654609b418744432
docs/player-facing/assets/icons/cybernetics/oculus-eagle-eye.webp,278648,assets/icons/cybernetics/oculus-eagle-eye.webp,c681253ec79d04b78850813ea4bab8675d50a3ed
docs/player-facing/assets/icons/cybernetics/oculus-inspecter.webp,197972,assets/icons/cybernetics/oculus-inspecter.webp,4412dbcddb7bd0d5d85d1ca8c6368217f27c497f
docs/player-facing/assets/icons/cybernetics/oculus-palette.webp,349180,assets/icons/cybernetics/oculus-palette.webp,a76d317767d5cc926728cd1d0797472d2e7b328b
docs/player-facing/assets/icons/cybernetics/oculus-spectra.webp,312040,assets/icons/cybernetics/oculus-spectra.webp,9dc90e6d43de54ecb588bf497b54782f53d411dc
docs/player-facing/assets/icons/cybernetics/oculus-witch-eye.webp,286088,assets/icons/cybernetics/oculus-witch-eye.webp,15a5a92ddfbdf4539b9cd5457c7a0c784d5bdd4c
docs/player-facing/assets/icons/cybernetics/parallel-synapse-array.webp,304492,assets/icons/cybernetics/parallel-synapse-array.webp,6faf77381bbc9fbc89ce20ef2f641ae661202010
docs/player-facing/assets/icons/cybernetics/phase-interference-skin.webp,405662,assets/icons/cybernetics/phase-interference-skin.webp,e410ec13c9df0fe42d6ce50eb3342edaa847f8f7
docs/player-facing/assets/icons/cybernetics/predictive-motion-processor.webp,218928,assets/icons/cybernetics/predictive-motion-processor.webp,fd5cd8fa0cfc7d52d2d50051f98ecda9b88f76e1
docs/player-facing/assets/icons/cybernetics/psi-focus-amplifier.webp,155638,assets/icons/cybernetics/psi-focus-amplifier.webp,4297fea3b85bc768afd8ddfe09d2e70feac5b49b
docs/player-facing/assets/icons/cybernetics/reactive-gel-layer.webp,426522,assets/icons/cybernetics/reactive-gel-layer.webp,425b6dbac7b51095e45152e99ca6e05fad50aafb
docs/player-facing/assets/icons/cybernetics/reflex-loop-accelerator.webp,318734,assets/icons/cybernetics/reflex-loop-accelerator.webp,7b546476ef4d104445dcdea21b5add8521d9c924
docs/player-facing/assets/icons/cybernetics/regenerative-stemware.webp,296900,assets/icons/cybernetics/regenerative-stemware.webp,1366642bf4745306a801f896d7edb59216c257b2
docs/player-facing/assets/icons/cybernetics/rem-compression-routine.webp,349864,assets/icons/cybernetics/rem-compression-routine.webp,c864ae73c755a63b2ef90262bea073c37e092543
docs/player-facing/assets/icons/cybernetics/shock-dispersion-skeleton.webp,242488,assets/icons/cybernetics/shock-dispersion-skeleton.webp,75a1ee9a04959117791d585c26a89954fe99bfca
docs/player-facing/assets/icons/cybernetics/skilljack-neural-matrix.webp,322398,assets/icons/cybernetics/skilljack-neural-matrix.webp,bee5670abef0cebc9ec146192e7d023f0096ea00
docs/player-facing/assets/icons/cybernetics/smartlink-armor-analyzer.webp,194240,assets/icons/cybernetics/smartlink-armor-analyzer.webp,4f4f05c30a11ec8f0582da5a8e4ba70d4d497e7f
docs/player-facing/assets/icons/cybernetics/smartlink-ballistics.webp,344296,assets/icons/cybernetics/smartlink-ballistics.webp,80b938eff362c19517cf5064df243ac9a1f587e2
docs/player-facing/assets/icons/cybernetics/smartlink-cpu-implant.webp,318894,assets/icons/cybernetics/smartlink-cpu-implant.webp,473f780548ecb307371ac0d9debb927c39baf903
docs/player-facing/assets/icons/cybernetics/smartlink-headshot.webp,293436,assets/icons/cybernetics/smartlink-headshot.webp,cd8bc32127249f85e5bdb4b3b4a1923640b64f82
docs/player-facing/assets/icons/cybernetics/smartlink-targeting-core.webp,230970,assets/icons/cybernetics/smartlink-targeting-core.webp,f2102f4cad76d6932c5fa00ce5eef6dbc8dc1b16
docs/player-facing/assets/icons/cybernetics/smartlink-targeting-reticle-implant.webp,239844,assets/icons/cybernetics/smartlink-targeting-reticle-implant.webp,875bcf1b7530829ba0191c51b717d2aa82127a6e
docs/player-facing/assets/icons/cybernetics/smartlink-weapon-mount.webp,308694,assets/icons/cybernetics/smartlink-weapon-mount.webp,025220d051e3aef40c5f7e10c303846062810f83
docs/player-facing/assets/icons/cybernetics/speed-feet-rollerblades.webp,217000,assets/icons/cybernetics/speed-feet-rollerblades.webp,8e5496adbe561c6f2d72e1347ea532771e63593e
docs/player-facing/assets/icons/cybernetics/subdermal-nanoweave-mki.webp,355716,assets/icons/cybernetics/subdermal-nanoweave-mki.webp,a08af25f6d7fff26a2eb4087c54f42ef246da998
docs/player-facing/assets/icons/cybernetics/subdermal-weave-mk-i.webp,395038,assets/icons/cybernetics/subdermal-weave-mk-i.webp,3eaff97009ae42fc7d9ae3e4a0a7ec250d400cad
docs/player-facing/assets/icons/cybernetics/subdermal-weave-mk-ii.webp,392962,assets/icons/cybernetics/subdermal-weave-mk-ii.webp,1d40389afb1dd26d19e9fc0aec6ff66729df60e0
docs/player-facing/assets/icons/cybernetics/subdermal-weave-mk-iii.webp,315726,assets/icons/cybernetics/subdermal-weave-mk-iii.webp,61dcc3c422b95b3d60a19bd697672d15f8af5dee
docs/player-facing/assets/icons/cybernetics/subdermal-weave-mk-iv.webp,386968,assets/icons/cybernetics/subdermal-weave-mk-iv.webp,59fa587bf25b6eebb602c82c9173eb643eab74e9
docs/player-facing/assets/icons/cybernetics/tactical-subcortex.webp,279654,assets/icons/cybernetics/tactical-subcortex.webp,bb68aacb6423aba32386767dd9e8cb58f0dc48e8
docs/player-facing/assets/icons/cybernetics/thaumic-nullifier-implant.webp,174100,assets/icons/cybernetics/thaumic-nullifier-implant.webp,65c3ac8746a519a0eb7eb3207a42a65b01744814
docs/player-facing/assets/icons/cybernetics/trauma-suppression-cortex.webp,193058,assets/icons/cybernetics/trauma-suppression-cortex.webp,2ee86a884fdfb0d688e57d38229b4d2c9ad2d69f
docs/player-facing/assets/icons/cybernetics/vox-resonance-enhancer.webp,398448,assets/icons/cybernetics/vox-resonance-enhancer.webp,81fe38f2d19458fab53f051ff1de4682b18fed7c
docs/player-facing/assets/icons/cybernetics/wakizashi-base-unit.webp,288526,assets/icons/cybernetics/wakizashi-base-unit.webp,8e4f0940e8cc490142bb0843d2680510096c0a19
docs/player-facing/assets/icons/cybernetics/wakizashi-dual-targeting-suite.webp,331098,assets/icons/cybernetics/wakizashi-dual-targeting-suite.webp,2b1e09f7be3ea1eddb39de6f6729aa7c95bd07e0
docs/player-facing/assets/icons/cybernetics/wakizashi-kinetic-feedback-enhancer.webp,243912,assets/icons/cybernetics/wakizashi-kinetic-feedback-enhancer.webp,6ea6e22d8dfde9ba423e7709cedaebb3526e2fed
docs/player-facing/assets/icons/cybernetics/wakizashi-neural-balancer.webp,194724,assets/icons/cybernetics/wakizashi-neural-balancer.webp,b8324476d9c8731c583e9eb9ce422a6f3c32370c
docs/player-facing/assets/icons/cybernetics/wakizashi-servo-wrist-reinforcement.webp,339340,assets/icons/cybernetics/wakizashi-servo-wrist-reinforcement.webp,102578357dedc03b5976ec97120709747ac07492
docs/player-facing/assets/icons/domains/bullet.png,125019,assets/icons/domains/bullet.png,8f774d0275191f65c724877b06a2c1e4ddb7663c
docs/player-facing/assets/icons/domains/bullet.svg,8141,assets/icons/domains/bullet.svg,41b0dc8195e70bf8815b99f6a5422ccfbf022b5a
docs/player-facing/assets/icons/domains/bullet/assess-weapon.webp,129784,assets/icons/domains/bullet/assess-weapon.webp,a9002776e7022730052e2d5e88c36d076c77d523
docs/player-facing/assets/icons/domains/bullet/body-shield.webp,160184,assets/icons/domains/bullet/body-shield.webp,a8d6afb8c501c2e6d0fa9eef3237fb7691f44cf8
docs/player-facing/assets/icons/domains/bullet/bodyguard.webp,314846,assets/icons/domains/bullet/bodyguard.webp,a324bd19a2dbb7fa7e5ec4aec33caee13c25cc35
docs/player-facing/assets/icons/domains/bullet/bullet-time.webp,235298,assets/icons/domains/bullet/bullet-time.webp,17f1524fcb6248fe113f3f99509019d520d09240
docs/player-facing/assets/icons/domains/bullet/burst-fire.webp,264828,assets/icons/domains/bullet/burst-fire.webp,50e327959e448d2b76cc6df5ebcb948f23e1bc61
docs/player-facing/assets/icons/domains/bullet/fixer.webp,231172,assets/icons/domains/maker/fixer.webp,14db56325f605c690df90f054dcd5df617522274
docs/player-facing/assets/icons/domains/bullet/full-automatic.webp,196078,assets/icons/domains/bullet/full-automatic.webp,1a96243cf920f2ab0b4433f2e91d4a4be7f9645e
docs/player-facing/assets/icons/domains/bullet/gun-trainer.webp,165486,assets/icons/domains/bullet/gun-trainer.webp,e6fc0bbf8a0ccacd45582c1f0704629d1bd621da
docs/player-facing/assets/icons/domains/bullet/gunsmith.webp,189090,assets/icons/domains/bullet/gunsmith.webp,7d4268313b3dd250923f7375d5fb65cae4df8327
docs/player-facing/assets/icons/domains/bullet/heavy-ordnance.webp,201786,assets/icons/domains/bullet/heavy-ordnance.webp,833dc0fec7b89872add2c7bb96ba15dfa1732e23
docs/player-facing/assets/icons/domains/bullet/improvised-weapon.webp,66150,assets/icons/domains/bullet/improvised-weapon.webp,3cfbef71d4649aa7a042220d31fbd78d1e6aeb28
docs/player-facing/assets/icons/domains/bullet/intimidation.webp,183282,assets/icons/domains/bullet/intimidation.webp,cb4b07b87ab1ffca1ae034589c9fac4432048388
docs/player-facing/assets/icons/domains/bullet/knee-slide.webp,213754,assets/icons/domains/bullet/knee-slide.webp,db0a3d7252335620cb2fca6d3eda83b02977bdf5
docs/player-facing/assets/icons/domains/bullet/marksman.webp,178234,assets/icons/domains/bullet/marksman.webp,f66091c6e8290f0fe587a259332fd7f6bebbcbe3
docs/player-facing/assets/icons/domains/bullet/pistol-whip.webp,194756,assets/icons/domains/bullet/pistol-whip.webp,f80c37179b8ddd19613ffb4ba3b4e256fd8eea92
docs/player-facing/assets/icons/domains/bullet/plant-tracker.webp,325358,assets/icons/domains/maker/plant-tracker.webp,c26243f57c2166a2aa261de54f587c0e217f2bd4
docs/player-facing/assets/icons/domains/bullet/quick-reload.webp,212132,assets/icons/domains/bullet/quick-reload.webp,c61a41297ce25b84606d1a81e646f60ca07d9f0e
docs/player-facing/assets/icons/domains/bullet/quick-shot.webp,181760,assets/icons/domains/bullet/quick-shot.webp,b89dc958881dd455874e5b0cede093c86be52a84
docs/player-facing/assets/icons/domains/bullet/rapid-fire.webp,200850,assets/icons/domains/bullet/rapid-fire.webp,1336a679ce79766794dd118008de4f1e7504c398
docs/player-facing/assets/icons/domains/bullet/ricochet.webp,231446,assets/icons/domains/bullet/ricochet.webp,e594cf8ab3987009f8c1e3b5dfdd111080c1a28c
docs/player-facing/assets/icons/domains/bullet/shoot-around-corner.webp,242360,assets/icons/domains/bullet/shoot-around-corner.webp,bf4dd0492928ec0f0fdacc1eeee23a496c2f65b0
docs/player-facing/assets/icons/domains/bullet/situational-awareness.webp,201242,assets/icons/domains/bullet/situational-awareness.webp,b819644e00a0bdf37228bb5f7234a914e78bd712
docs/player-facing/assets/icons/domains/bullet/snapshot.webp,199600,assets/icons/domains/bullet/snapshot.webp,1747d0d00ef8d9e5d1db5c868aa81d72b01f8ba3
docs/player-facing/assets/icons/domains/bullet/sniper-shot.webp,286094,assets/icons/domains/bullet/sniper-shot.webp,5927c51b6e7618ee2a005a4251ed1cd369aeb4f0
docs/player-facing/assets/icons/domains/bullet/suppressing-fire.webp,227170,assets/icons/domains/bullet/suppressing-fire.webp,48f187742f9ae6a36de9138fb0e5e3384ad63075
docs/player-facing/assets/icons/domains/bullet/targeted-shot.webp,305604,assets/icons/domains/bullet/targeted-shot.webp,79c87f6664c8820c3833533c2f7148371e779d47
docs/player-facing/assets/icons/domains/bullet/trick-shot.webp,166058,assets/icons/domains/bullet/trick-shot.webp,990a346abd7c8ce8c0b89b07b4da294c91590054
docs/player-facing/assets/icons/domains/circuit_old.png,143302,assets/icons/domains/circuit_old.png,f2b7e0826be96e00a340dc6177bbd878b376f838
docs/player-facing/assets/icons/domains/circuit.png,160791,assets/icons/domains/circuit.png,93f06f0f9942c4e90c71f99c151500de9b8a8384
docs/player-facing/assets/icons/domains/circuit.svg,86983,assets/icons/domains/circuit.svg,b0a8cb85063cdd13c6331414584141f0ce0ba249
docs/player-facing/assets/icons/domains/circuit/all-quiet-here-how-are-you.webp,247822,assets/icons/domains/circuit/all-quiet-here-how-are-you.webp,4498e7b18502611b3eb42fdd1ed41dc769237dd1
docs/player-facing/assets/icons/domains/circuit/creative-coding.webp,231934,assets/icons/domains/circuit/creative-coding.webp,e986db775e0ed0278e706a1630022727554ed248
docs/player-facing/assets/icons/domains/circuit/cybernetics-syndrome.webp,323832,assets/icons/domains/circuit/cybernetics-syndrome.webp,9143a0a77388edbe4d53b17b586f52bcf1f0729d
docs/player-facing/assets/icons/domains/circuit/cyberware-malfunction.webp,301660,assets/icons/domains/circuit/cyberware-malfunction.webp,b689b910a101546627569293c25ab69c691c82dd
docs/player-facing/assets/icons/domains/circuit/deep-fake.webp,261236,assets/icons/domains/circuit/deep-fake.webp,ec0398b6aa4abc2536365bebacc0e32d2ec24db5
docs/player-facing/assets/icons/domains/circuit/deep-search.webp,269728,assets/icons/domains/circuit/deep-search.webp,21cfbd10bc8b7cf85e2f33af50f00e1aadac5656
docs/player-facing/assets/icons/domains/circuit/digital-recon.webp,304414,assets/icons/domains/circuit/digital-recon.webp,d117850dfe1326e6980c9debeefda69c1f40183c
docs/player-facing/assets/icons/domains/circuit/elevate-permission.webp,233350,assets/icons/domains/circuit/elevate-permission.webp,39fd6f4169abdd60801e647fe67d321bbfe426f2
docs/player-facing/assets/icons/domains/circuit/feedback-spike.webp,284178,assets/icons/domains/circuit/feedback-spike.webp,a35db9349e28fa60001c3c622871ca2001c64ad2
docs/player-facing/assets/icons/domains/circuit/field-experience.webp,324470,assets/icons/domains/circuit/field-experience.webp,8c0a94ea08116df9a199c646fb972d1aedf28ab3
docs/player-facing/assets/icons/domains/circuit/ghost-protocol.webp,353260,assets/icons/domains/circuit/ghost-protocol.webp,4cd802c5a64563272ceebaa63e3c11341c8ff804
docs/player-facing/assets/icons/domains/circuit/ghost-signal.webp,252390,assets/icons/domains/circuit/ghost-signal.webp,e6d98e82e78141a7a36205877c9c136a5cfc2924
docs/player-facing/assets/icons/domains/circuit/matrix-mind.webp,282186,assets/icons/domains/circuit/matrix-mind.webp,19da44bf8f6cfdc05dfdcc5edd5babc0c6182e06
docs/player-facing/assets/icons/domains/circuit/neural-sync.webp,256094,assets/icons/domains/circuit/neural-sync.webp,b8700396fca066e16ce492367f3a861c642c9b98
docs/player-facing/assets/icons/domains/circuit/overload.webp,222190,assets/icons/domains/circuit/overload.webp,5a628e28919ace477a26ed3389a62f463be77d45
docs/player-facing/assets/icons/domains/circuit/patience-young-padawan.webp,281874,assets/icons/domains/circuit/patience-young-padawan.webp,7e81631f0b6116bfc46494d31746b2e6de39f373
docs/player-facing/assets/icons/domains/circuit/quick-hack.webp,250736,assets/icons/domains/circuit/quick-hack.webp,2587d18c22290c0f482a054120fb7fc816dd6a58
docs/player-facing/assets/icons/domains/circuit/reality-patch.webp,191660,assets/icons/domains/circuit/reality-patch.webp,1861f3f4659068afa527eac9f06571e477a46bd4
docs/player-facing/assets/icons/domains/circuit/short-circuit.webp,277956,assets/icons/domains/circuit/short-circuit.webp,fb3dd23eda39d8735ff211a5a78bb557b5b3ee1b
docs/player-facing/assets/icons/domains/circuit/signal-boost.webp,244514,assets/icons/domains/circuit/signal-boost.webp,3db900b819d49ee7314f7e2b3e9dae935d76dbce
docs/player-facing/assets/icons/domains/circuit/smartwire-reflex.webp,324768,assets/icons/domains/circuit/smartwire-reflex.webp,2488ec4a9540fc09574db65d555945d0046fb4b9
docs/player-facing/assets/icons/domains/circuit/static-veil.webp,279524,assets/icons/domains/circuit/static-veil.webp,64d0093ed1bcd318dcfde5e22c538df366252784
docs/player-facing/assets/icons/domains/circuit/strobe-effect.webp,172642,assets/icons/domains/circuit/strobe-effect.webp,e1eddef43f39e4cfc8c7acf0fad6f3f2b0824837
docs/player-facing/assets/icons/domains/circuit/synchronized-uplink.webp,260746,assets/icons/domains/circuit/synchronized-uplink.webp,b5dfd99498faf5f9ed9d2f1c9d533c7f6fcd6e31
docs/player-facing/assets/icons/domains/maker.png,132565,assets/icons/domains/maker.png,f10fe2d4faadaa7bd79f2abb2009515c4f6881e4
docs/player-facing/assets/icons/domains/maker.svg,12979,assets/icons/domains/maker.svg,0723227797f0b4b99f789405ab197e1094daf1d1
docs/player-facing/assets/icons/domains/maker/air-support.webp,341820,assets/icons/domains/maker/air-support.webp,38fc235ba93918d2f5c7e2639553d8852be18ee0
docs/player-facing/assets/icons/domains/maker/analyst.webp,441106,assets/icons/domains/maker/analyst.webp,e205756d8db382443797388d4b0b1bdccc4ca233
docs/player-facing/assets/icons/domains/maker/armorer.webp,185128,assets/icons/domains/maker/armorer.webp,c5446a9f65022934dfce17da95919230246fbec2
docs/player-facing/assets/icons/domains/maker/assess-equipment.webp,233880,assets/icons/domains/maker/assess-equipment.webp,f9f58d3f26db9f4b0690e2c720a3ae0e2d1bfd3a
docs/player-facing/assets/icons/domains/maker/bullet-time.webp,235298,assets/icons/domains/bullet/bullet-time.webp,17f1524fcb6248fe113f3f99509019d520d09240
docs/player-facing/assets/icons/domains/maker/chinook.webp,234506,assets/icons/domains/maker/chinook.webp,ace268608738c79e147eeb9024c96c2cf4ebab92
docs/player-facing/assets/icons/domains/maker/drone-control.webp,282650,assets/icons/domains/maker/drone-control.webp,707e984b82d40a2eeabb2be41f370d2247504714
docs/player-facing/assets/icons/domains/maker/drone-harness.webp,253666,assets/icons/domains/maker/drone-harness.webp,c3cc57949bd26893121a62172160ea54ab62e9c3
docs/player-facing/assets/icons/domains/maker/drone-maneuver.webp,270412,assets/icons/domains/maker/drone-maneuver.webp,96936a754217ba610e333f0924709a6988ba4648
docs/player-facing/assets/icons/domains/maker/drone-swarm.webp,223198,assets/icons/domains/maker/drone-swarm.webp,8ab1d258d97a000cf684a138d4835d83d22f2a11
docs/player-facing/assets/icons/domains/maker/engineer-solution.webp,291156,assets/icons/domains/maker/engineer-solution.webp,3876aff24e5a2c403d281508f55b0650ec88f462
docs/player-facing/assets/icons/domains/maker/explosive-detonation.webp,351468,assets/icons/domains/maker/explosive-detonation.webp,7abcb8380fb241abcd94c6ca17660d80a53fc677
docs/player-facing/assets/icons/domains/maker/fixer.webp,231172,assets/icons/domains/maker/fixer.webp,14db56325f605c690df90f054dcd5df617522274
docs/player-facing/assets/icons/domains/maker/flying-drone.webp,186648,assets/icons/domains/maker/flying-drone.webp,89bd52986a7db4190cbd887eb76537c3d8a353f9
docs/player-facing/assets/icons/domains/maker/getaway-vehicle.webp,270446,assets/icons/domains/maker/getaway-vehicle.webp,0a04d68c3c7e2e4e578fd9a5501abf2aa853b768
docs/player-facing/assets/icons/domains/maker/good-maintenance.webp,234324,assets/icons/domains/maker/good-maintenance.webp,d0c45c879d98220bd968c40a91d917eb025166d4
docs/player-facing/assets/icons/domains/maker/improvise-equipment.webp,175866,assets/icons/domains/maker/improvise-equipment.webp,9fec1590e4c760013a3270e74895217e691cde10
docs/player-facing/assets/icons/domains/maker/improvised-mod.webp,204196,assets/icons/domains/maker/improvised-mod.webp,d2af026d0d8a366d108fd9429b46474ac6cfb99f
docs/player-facing/assets/icons/domains/maker/multitalented.webp,301184,assets/icons/domains/maker/multitalented.webp,4dbeaed40bbd36b8621da7211067976dda0dbecf
docs/player-facing/assets/icons/domains/maker/patch-job.webp,226666,assets/icons/domains/maker/patch-job.webp,02347da879163165f71b87f26d700759a0e9afb2
docs/player-facing/assets/icons/domains/maker/pistol-whip.webp,194756,assets/icons/domains/bullet/pistol-whip.webp,f80c37179b8ddd19613ffb4ba3b4e256fd8eea92
docs/player-facing/assets/icons/domains/maker/plant-tracker.webp,325358,assets/icons/domains/maker/plant-tracker.webp,c26243f57c2166a2aa261de54f587c0e217f2bd4
docs/player-facing/assets/icons/domains/maker/power-boost.webp,155914,assets/icons/domains/maker/power-boost.webp,abf8257791862ba0f138b5e893abc2c39b0804e7
docs/player-facing/assets/icons/domains/maker/project-manager.webp,314656,assets/icons/domains/maker/project-manager.webp,c4445889087ec350aaa9ca86bffee2148329f5b9
docs/player-facing/assets/icons/domains/maker/quick-change.webp,247900,assets/icons/domains/maker/quick-change.webp,f2df4844c9513c1d981eb39400f3062f2020176f
docs/player-facing/assets/icons/domains/maker/stealth-drone.webp,244526,assets/icons/domains/maker/stealth-drone.webp,bd2d2918afe79f9c27fc476aa2dc770d2b5d9266
docs/player-facing/assets/icons/domains/maker/urban-assault-vehicle.webp,261556,assets/icons/domains/maker/urban-assault-vehicle.webp,feb4aeb1ff3761d5665d8031fdf9c53a83b2f923
docs/player-facing/assets/icons/drones-devices/chemical-analysis-tool.webp,226920,assets/icons/drone-mods/chemical-analysis-tool.webp,2de3aded59939fbe30aff982747d570283f32022
docs/player-facing/assets/icons/drones-devices/digger.webp,158610,assets/icons/drone-mods/digger.webp,b552e6ebff4ebab0f60c9f4cb2068d7b31ac9239
docs/player-facing/assets/icons/drones-devices/electronic-surveillance-kit.webp,300882,assets/icons/drone-mods/electronic-surveillance-kit.webp,c0c6cf82a9933e9346e125fbd2cf8ee81a2bf44f
docs/player-facing/assets/icons/drones-devices/extra-armor.webp,314790,assets/icons/drone-mods/extra-armor.webp,c5dabad0de0e99e1ef647045dc3b823a8b0a4ca0
docs/player-facing/assets/icons/drones-devices/extra-weapon.webp,177790,assets/icons/drone-mods/extra-weapon.webp,262406a73dd7149a31781040374c65794dfadb3b
docs/player-facing/assets/icons/drones-devices/grappling-device.webp,163664,assets/icons/drone-mods/grappling-device.webp,7ae4504b1e0e5c3a2712e7d7b4535a2549c37a73
docs/player-facing/assets/icons/drones-devices/grenade.webp,164468,assets/icons/drone-mods/grenade.webp,f5dc1d1bc55f680fc74fac05cb034bbccf065f88
docs/player-facing/assets/icons/drones-devices/lock-kit.webp,279288,assets/icons/drone-mods/lock-kit.webp,d31007b7455cc78d782ff99b716e5641ec1c2b73
docs/player-facing/assets/icons/drones-devices/melee-weapon.webp,85608,assets/icons/drone-mods/melee-weapon.webp,b44bebe9bc3a554673605a731c2fc9d0678e38fe
docs/player-facing/assets/icons/drones-devices/night-vision.webp,145778,assets/icons/drone-mods/night-vision.webp,4f0da398921033c9c80c02d7a1ad2787789ab4b0
docs/player-facing/assets/icons/drones-devices/portable-barrier.webp,143510,assets/icons/drone-mods/portable-barrier.webp,d3c11042b466242b155a69b3344240e3ef95a82f
docs/player-facing/assets/icons/drones-devices/rocket-launcher.webp,152964,assets/icons/drone-mods/rocket-launcher.webp,e97f6beae04b83000470f2484eca6708a63aff46
docs/player-facing/assets/icons/drones-devices/signal-booster.webp,125204,assets/icons/drone-mods/signal-booster.webp,13ed90bdb1de004afa7edaf6730d09f5cd9cfd92
docs/player-facing/assets/icons/drones-devices/signal-jammer.webp,279550,assets/icons/drone-mods/signal-jammer.webp,711b33cd599b67d1395e58437228c4167dd198cd
docs/player-facing/assets/icons/drones-devices/stealth-shield.webp,165182,assets/icons/drone-mods/stealth-shield.webp,8d2c5b18ab96e14224c57e8ae73ee872a07707f2
docs/player-facing/assets/icons/drones-devices/storage-locker.webp,246148,assets/icons/drone-mods/storage-locker.webp,0bf8c8ac2adc483a8bf0c8cd27b06d30483fff3f
docs/player-facing/assets/icons/drones-devices/submersible.webp,209684,assets/icons/drone-mods/submersible.webp,23da1d0d6f03d0f02eeb42869f7005066dab8bb4
docs/player-facing/assets/icons/drones-devices/telescope.webp,139384,assets/icons/drone-mods/telescope.webp,e354811385695a78f68e9c2367693dc97ae4edaa
docs/player-facing/assets/icons/features/ai-assist.webp,183026,assets/icons/features/ai-assist.webp,5259d166421a60f39cc558152521a7abca1067d5
docs/player-facing/assets/icons/features/ambush-kill.png,1810863,assets/icons/features/ambush-kill.png,e31eebe127af7fd6b1e236c3bbde00c56aaf0b31
docs/player-facing/assets/icons/features/ambush-kill.webp,172078,"assets/icons/features/ambush-kill.webp;assets/icons/features/stab.webp",7e4e6fe5c7b117d7f248ae8f38f3a9329a9d0242
docs/player-facing/assets/icons/features/amplifier.webp,1412,assets/icons/subclasses/amplifier.webp,c3723c5b7e9200b69c7b1a74e8a4fdcdd848b9d1
docs/player-facing/assets/icons/features/arc-charge.webp,159722,assets/icons/features/arc-charge.webp,e04cdd4eb3caf46f102d9673304c6884382c5f0c
docs/player-facing/assets/icons/features/ash-cloud.webp,271756,assets/icons/ice/ash-cloud.webp,7506e857bedfffc3fa0db854a03dd0e51922af44
docs/player-facing/assets/icons/features/autotarget.webp,177552,assets/icons/features/autotarget.webp,543ff0b8ad16ea920026bd58ddb3e7279b18d0c5
docs/player-facing/assets/icons/features/battle-bonded.webp,359892,assets/icons/subclasses/battle-bonded.webp,d39ebee2748cf11afc223894c198593c574fb495
docs/player-facing/assets/icons/features/become-one-with-the-matrix.webp,382860,assets/icons/subclasses/become-one-with-the-matrix.webp,1cba85923d073524d7bd057dd8aa7a07de8c8db8
docs/player-facing/assets/icons/features/black-ice.webp,89934,assets/icons/ice/black-ice.webp,b9ec793b5bce5f19f32503962a3b3a6988af25ce
docs/player-facing/assets/icons/features/blackout.webp,161808,assets/icons/features/blackout.webp,81f48f603cfe3e09d4917fda99c3adb531450e9b
docs/player-facing/assets/icons/features/bodyguard.webp,2010,assets/icons/subclasses/bodyguard.webp,53955a1b88d1f63c6166842396b560fd4867c5e1
docs/player-facing/assets/icons/features/boom-baby.png,1694908,assets/icons/subclasses/boom-baby.png,300f18d86ab0fe1d9e3723f9187628344b395638
docs/player-facing/assets/icons/features/boom-baby.webp,373180,assets/icons/subclasses/boom-baby.webp,3c5704408c3564bc8f6dd63bba71410f5ecab087
docs/player-facing/assets/icons/features/brainstorm.webp,251650,assets/icons/ice/brainstorm.webp,033c55e2a6ba89a980f08af71d9150dcaaf14c6c
docs/player-facing/assets/icons/features/bulletstorm.webp,195182,assets/icons/features/bulletstorm.webp,7689e43895fe0819897f2c1ebefc9db19c977bff
docs/player-facing/assets/icons/features/burst-fire.webp,155266,assets/icons/features/burst-fire.webp,efd345c69fa22859f8ba7f2366d544f31e105185
docs/player-facing/assets/icons/features/calm-in-the-storm.webp,390688,assets/icons/subclasses/calm-in-the-storm.webp,a01c5035a27ace4891a738308d02b52726647118
docs/player-facing/assets/icons/features/chain-lightning.webp,148896,assets/icons/features/chain-lightning.webp,35919152be21661a94cec5282dbcd01fb18160e4
docs/player-facing/assets/icons/features/chaos-wave.webp,300550,assets/icons/subclasses/chaos-wave.webp,71a524eb103f3b3f674ef946c2a40d262c7fc128
docs/player-facing/assets/icons/features/coming-through.png,1813320,assets/icons/subclasses/coming-through.png,2c34714c42651c074b92e5e23ef4803cd0eb5421
docs/player-facing/assets/icons/features/coming-through.webp,306046,assets/icons/subclasses/coming-through.webp,7b96dde480271ecf8bce5a30382d27d751d6451b
docs/player-facing/assets/icons/features/concealed.png,2123207,assets/icons/features/concealed.png,0bad3d57f299aed4fa2c337a05ed9a0507dc463e
docs/player-facing/assets/icons/features/concealed.webp,161766,assets/icons/features/concealed.webp,4049cd787f5b037bc7fbdbe7cbf7eea6f961564b
docs/player-facing/assets/icons/features/concussive-blast (2).webp,169402,assets/icons/features/concussive-blast (2).webp,e3f18105c6789e1f5f6a110ec8f948764b8ab209
docs/player-facing/assets/icons/features/concussive-blast.webp,182170,assets/icons/features/concussive-blast.webp,1bd92a861cd0c38f982a7849d0d4b882b6274956
docs/player-facing/assets/icons/features/critical-barrage.webp,147350,assets/icons/features/critical-barrage.webp,d9e2efb420f3b8921a1efb995d0aadc1fa45f527
docs/player-facing/assets/icons/features/critical-dissection.webp,217372,assets/icons/features/critical-dissection.webp,df4dcb4337baf90d6c4c381b08b6b2746994d6f4
docs/player-facing/assets/icons/features/critical-inferno.webp,183122,assets/icons/features/critical-inferno.webp,5ce13f71faed7b4ebbe10405d03d4aa6a305c8d8
docs/player-facing/assets/icons/features/critical-spray.webp,203254,assets/icons/features/critical-spray.webp,08855d5c1ef3f8543f9334df9dd749c75e79c885
docs/player-facing/assets/icons/features/critical-tendons (2).webp,183254,assets/icons/features/critical-tendons (2).webp,5b2d4b02aa5bb4aeda194d5bbae639fd89fcfdb8
docs/player-facing/assets/icons/features/critical-tendons.webp,148470,assets/icons/features/critical-tendons.webp,aaef8c5bad2317020f746469f10896a7f2944111
docs/player-facing/assets/icons/features/cybermancer.webp,253052,assets/icons/classes/cybermancer.webp,dd192622295a4d5aca3e2ec9d1fd8cb23ed8cc82
docs/player-facing/assets/icons/features/daemon-host.webp,187740,assets/icons/ice/daemon-host.webp,f764b49f475363c05f5c59b2f36ac8bf8bca37bd
docs/player-facing/assets/icons/features/dampener.webp,492,assets/icons/subclasses/dampener.webp,01a0223cc0a1ebe3a2ef697fb799a036e0f2589f
docs/player-facing/assets/icons/features/data-hound.webp,163522,assets/icons/ice/data-hound.webp,2519725a31e13cab06369ada71303e5e55fadfcb
docs/player-facing/assets/icons/features/destructive-interference.webp,333060,assets/icons/subclasses/destructive-interference.webp,1794ff0a3e6006741e5ae828835eb1e26a134e66
docs/player-facing/assets/icons/features/detect-anomaly.webp,254922,assets/icons/subclasses/detect-anomaly.webp,e5c1e4acbe874fa2eaab8369fea74bcadd776743
docs/player-facing/assets/icons/features/digital-awareness.png,1736476,assets/icons/features/digital-awareness.png,10271ed94e48d6195ec477c16980488cf2bfb4f5
docs/player-facing/assets/icons/features/digital-awareness.webp,289350,assets/icons/subclasses/digital-awareness.webp,1dafd5fc1d90c87cf9decd64fdde3802e5223997
docs/player-facing/assets/icons/features/digital-wasteland.png,2105795,assets/icons/subclasses/digital-wasteland.png,558ccaf9f4294163f13d18f4cc42c097ffb32434
docs/player-facing/assets/icons/features/digital-wasteland.webp,479056,assets/icons/subclasses/digital-wasteland.webp,d240346359286453e8037201e8c888dfb0581cac
docs/player-facing/assets/icons/features/digital-whisp.png,2238771,assets/icons/subclasses/digital-whisp.png,dc38e57ab54545d0a549811e5e5a004f7afa71a4
docs/player-facing/assets/icons/features/digital-whisp.webp,3732,assets/icons/subclasses/digital-whisp.webp,20735383d71c6bde67604d290d1f98c206ba5185
docs/player-facing/assets/icons/features/disorientation.webp,245646,assets/icons/subclasses/disorientation.webp,d724c09699b885cc24c0ce684af9ec1b82f4f708
docs/player-facing/assets/icons/features/disruptive.webp,147564,assets/icons/features/disruptive.webp,bb1e239522a8fb5aefa4735750b975d418c5a77d
docs/player-facing/assets/icons/features/don-t-worry-that-was-just-a-glitch.webp,219830,assets/icons/subclasses/don-t-worry-that-was-just-a-glitch.webp,bc77782049b2119bff9910e491ea9f9ea02dff6a
docs/player-facing/assets/icons/features/driving-expert.png,1919426,assets/icons/subclasses/driving-expert.png,ae6862fb38928ec576f7bf562226dc053a4a5f9f
docs/player-facing/assets/icons/features/driving-expert.webp,339102,assets/icons/subclasses/driving-expert.webp,30d88ab94bcb5d27dd51d6a31237ebfd67d38c14
docs/player-facing/assets/icons/features/drone-control.webp,351402,assets/icons/subclasses/drone-control.webp,befd2f16218715c555ee06da24d1d8f024039b2c
docs/player-facing/assets/icons/features/dual-wielding.webp,225320,assets/icons/subclasses/dual-wielding.webp,b8ff4db9e1b7094fa5bbbc5d2df941b0f579a984
docs/player-facing/assets/icons/features/eclipse-wall.webp,108956,assets/icons/ice/eclipse-wall.webp,d3da764df1a9297fad027d56b32790cea3de9a1b
docs/player-facing/assets/icons/features/emp-surge.webp,154156,assets/icons/features/emp-surge.webp,e604df24ca132336c938d3d5246805aa6be52234
docs/player-facing/assets/icons/features/executioners-shot.webp,200556,assets/icons/features/executioners-shot.webp,afa8d810db8064089bc25df2e877a86db3379911
docs/player-facing/assets/icons/features/expert-maneuver.webp,380506,assets/icons/subclasses/expert-maneuver.webp,9867d5bba8541d81610f313b65bb747f8a08e59b
docs/player-facing/assets/icons/features/explosive.webp,166822,assets/icons/features/explosive.webp,0ce5097b24cd40672ee97667b3fa6805315de2cc
docs/player-facing/assets/icons/features/fade-to-black.png,1705232,assets/icons/subclasses/fade-to-black.png,dba2fd60f9bae7f5819512d3d3727b7a8384a78f
docs/player-facing/assets/icons/features/fade-to-black.webp,1536,assets/icons/subclasses/fade-to-black.webp,aef5fa82fa8ec62ddcf6c2e5c2df52a8199512bd
docs/player-facing/assets/icons/features/fast-car.webp,365306,assets/icons/subclasses/fast-car.webp,4768b6849278eb56f7e9ddc75cb595f369567ea1
docs/player-facing/assets/icons/features/fatal-wound.webp,160338,assets/icons/features/fatal-wound.webp,7cfdea8c08883557366437fcd55d9b0e6ca09b94
docs/player-facing/assets/icons/features/feedback-loop.webp,186398,assets/icons/subclasses/feedback-loop.webp,00d464ac9c3f926a8fc30e3afc6ebc3454d8597c
docs/player-facing/assets/icons/features/field-collapse.webp,341846,assets/icons/subclasses/field-collapse.webp,2af85d9a11a5303ad8851eca88fb6f5f39d848ac
docs/player-facing/assets/icons/features/final-boom.webp,173336,assets/icons/features/final-boom.webp,bbc69e0840a694d6c959f331e96a12bb3a5c9781
docs/player-facing/assets/icons/features/firewall-hydra.webp,163664,assets/icons/ice/firewall-hydra.webp,826a90869db7132d215332b2f2f1861c4f07eaff
docs/player-facing/assets/icons/features/focused-aggression.webp,363644,assets/icons/subclasses/focused-aggression.webp,c46b2b43f46235beb25c5ed5fcb07b6747f58d0f
docs/player-facing/assets/icons/features/fractal-surge.webp,211338,assets/icons/subclasses/fractal-surge.webp,b9fe701c795f98c19a418fab725ee39356d8227b
docs/player-facing/assets/icons/features/fragment-split.webp,145682,assets/icons/features/fragment-split.webp,dca936b33516b856c8c0c10066f7786a4ae68c3f
docs/player-facing/assets/icons/features/frostline.webp,166884,assets/icons/ice/frostline.webp,98cd200744a20c9cd6d466c4634d15a9d79ee54a
docs/player-facing/assets/icons/features/full-auto.webp,163714,assets/icons/features/full-auto.webp,fb44c3fa2900d6651a813b8cdc44d537e72ba0f9
docs/player-facing/assets/icons/features/get-behind-me.webp,2122,assets/icons/subclasses/get-behind-me.webp,f9a9e338b7bd50d2c36e938b9a3b93a401d75c29
docs/player-facing/assets/icons/features/ghost-in-the-machine.png,1880226,assets/icons/subclasses/ghost-in-the-machine.png,0e8e4bdea274a0985cbb11691da73db2f1959237
docs/player-facing/assets/icons/features/ghost-in-the-machine.webp,3360,assets/icons/subclasses/ghost-in-the-machine.webp,cf122a688dfa9a3a72a3831a4ebf5343aaf8ad68
docs/player-facing/assets/icons/features/ghost-kill.webp,159592,assets/icons/features/ghost-kill.webp,e2c9373637597c73d9ee2f43e14f877755b482a5
docs/player-facing/assets/icons/features/glitch.png,1730699,assets/icons/subclasses/glitch.png,b199ce98997fa9220f6698cabda914c53f3cafde
docs/player-facing/assets/icons/features/glitch.webp,1836,assets/icons/subclasses/glitch.webp,3d3c7cc6474783f4b456d889ab6c00b7bccb852e
docs/player-facing/assets/icons/features/grid-blackout.webp,219910,assets/icons/features/grid-blackout.webp,8e9876e8b11fb06600a8c246472b048f9b27b43d
docs/player-facing/assets/icons/features/grinder.webp,216180,assets/icons/ice/grinder.webp,9e999a0b131e9439c8ce6bd1fce755a0863d5873
docs/player-facing/assets/icons/features/gun-trainer.webp,277728,assets/icons/subclasses/gun-trainer.webp,b82fa0ed196a219f7f50dc8c4c5199488b78fc7f
docs/player-facing/assets/icons/features/gyrostabilized.webp,158654,assets/icons/features/gyrostabilized.webp,6b53b1ea5117456a278eb7b27585f6a4dfbcb90a
docs/player-facing/assets/icons/features/hacking-insight.webp,344940,assets/icons/subclasses/hacking-insight.webp,49fd11a13d524208444699f0114bcb89edbc34c9
docs/player-facing/assets/icons/features/harmonic-reversion.webp,131954,assets/icons/subclasses/harmonic-reversion.webp,014570f7a94bdaf8c19e17bc90b63928b3c3621d
docs/player-facing/assets/icons/features/heavens-gate.webp,120784,assets/icons/ice/heavens-gate.webp,b578bcd53b96707930fdaffd8a8e0f9aea2bbe10
docs/player-facing/assets/icons/features/heavens-lance.webp,198878,assets/icons/features/heavens-lance.webp,9e94a2649bff5f78947f3498280002c92025b9ce
docs/player-facing/assets/icons/features/heavy-ordinance.webp,151270,assets/icons/subclasses/heavy-ordinance.webp,aa8e325f204e62fbd92ad93287df5f1798aae0c7
docs/player-facing/assets/icons/features/hidden-killer.webp,145528,assets/icons/features/hidden-killer.webp,bc44734258ba09deed4db82e3770d84e6f6c6837
docs/player-facing/assets/icons/features/high-frequency.webp,138608,assets/icons/features/high-frequency.webp,d39ceb38213ea3db51ff666629931d037ada4a81
docs/player-facing/assets/icons/features/hyper-pierce.webp,190792,assets/icons/features/hyper-pierce.webp,0736e9b734c891da40df408f575e3aee2fc40837
docs/player-facing/assets/icons/features/inspired-driving.webp,444212,assets/icons/subclasses/inspired-driving.webp,7efa4d6fc071eaea4d281d8ca7dfab7ce6fb813e
docs/player-facing/assets/icons/features/interference.webp,250986,assets/icons/subclasses/interference.webp,0f2ef077602ec155900304a56238601dfa6a932b
docs/player-facing/assets/icons/features/ive-driven-this-before.webp,408814,assets/icons/subclasses/ive-driven-this-before.webp,6f7dc90c0586b688e082c491f323033b73af43a9
docs/player-facing/assets/icons/features/ive-seen-this-model-before.png,2305816,assets/icons/subclasses/ive-seen-this-model-before.png,2d6b7b388d54f41ccd59e89ad22c25f3412c8d00
docs/player-facing/assets/icons/features/ive-seen-this-model-before.webp,3984,assets/icons/subclasses/ive-seen-this-model-before.webp,ab15bb59d08e30ebf5f169a33defc952ff8f2b30
docs/player-facing/assets/icons/features/jack-of-all-trades.webp,281638,assets/icons/subclasses/jack-of-all-trades.webp,f590160d3ba6d36786a516a3060c8985f27c66e3
docs/player-facing/assets/icons/features/joined-at-the-hip.webp,286556,assets/icons/subclasses/joined-at-the-hip.webp,752a0e0aec13ca1dc782e8053cb4d40156ad4599
docs/player-facing/assets/icons/features/kick-in-the-front-door.png,2136968,assets/icons/subclasses/kick-in-the-front-door.png,29a3cecbf7358c5f5cc1fd905d6b1ff525703134
docs/player-facing/assets/icons/features/kick-open-the-front-door.webp,354534,assets/icons/subclasses/kick-open-the-front-door.webp,dc6436fa82544710d5890b39bd1d474027bf04af
docs/player-facing/assets/icons/features/kill-zone.webp,197364,assets/icons/features/kill-zone.webp,44ebe26a3811245445ec02edaef0e7b5f91b77f2
docs/player-facing/assets/icons/features/knockback.webp,137184,assets/icons/features/knockback.webp,bb1b7c23e3be94152afc3ba4d75dd2c6fd9d0505
docs/player-facing/assets/icons/features/knockout.webp,156618,assets/icons/features/knockout.webp,697588ce097e6201913a31008d9638759389eef5
docs/player-facing/assets/icons/features/kraken-ice.webp,191402,assets/icons/ice/kraken-ice.webp,2760f0635b6e899be5704c5a06ec2291c8d88e54
docs/player-facing/assets/icons/features/lethal-combo.webp,282382,assets/icons/subclasses/lethal-combo.webp,1ee558a45cb28c5b37d8308560147a9b97fd9f77
docs/player-facing/assets/icons/features/lethal-edge (2).webp,167020,assets/icons/features/lethal-edge (2).webp,989f7aebaed74365006dc92035363748b19dfff3
docs/player-facing/assets/icons/features/lethal-edge.webp,149226,assets/icons/features/lethal-edge.webp,e25e1c2191183d8a2f4c4a222249f84d255c834b
docs/player-facing/assets/icons/features/matrix-burnout.webp,204192,assets/icons/features/matrix-burnout.webp,dec6e6955e0e63522aa5ada325cd63c3eb37de34
docs/player-facing/assets/icons/features/meltdown.webp,165370,assets/icons/features/meltdown.webp,8cd3ed74cdaab141dc65678ea536426bd5e530e3
docs/player-facing/assets/icons/features/mercenary.webp,187536,assets/icons/subclasses/mercenary.webp,d8e1d9519535f42d07c0670178ae316786a0855b
docs/player-facing/assets/icons/features/merge-with-the-matrix.png,1939226,assets/icons/subclasses/merge-with-the-matrix.png,838a81721e50d54f6080a24e022de5219912cc96
docs/player-facing/assets/icons/features/merge-with-the-matrix.webp,6334,assets/icons/subclasses/merge-with-the-matrix.webp,37d880bf5408da236ff003ff6b05b6656ffc4cd2
docs/player-facing/assets/icons/features/mirror-maze.webp,165840,assets/icons/ice/mirror-maze.webp,8e086fb5e09722b1ab3b6d3059f98cf83bef1785
docs/player-facing/assets/icons/features/need-for-speed.webp,428610,assets/icons/subclasses/need-for-speed.webp,3e69bbd599c8b0c752c73cb5fdab2d155260cf13
docs/player-facing/assets/icons/features/netrunner.webp,347072,assets/icons/classes/netrunner.webp,5f45c962e79e60a8093fe9f27413f5ebc1d49457
docs/player-facing/assets/icons/features/neural-kill.webp,173188,assets/icons/features/neural-kill.webp,c340cf10a4b855530167e9514337ecb0a06bf9c0
docs/player-facing/assets/icons/features/neural-ripper.webp,248724,assets/icons/ice/neural-ripper.webp,bed227f4e937a09184a99252d274dfb671911506
docs/player-facing/assets/icons/features/now-you-see-me-now-you-dont.webp,325136,assets/icons/subclasses/now-you-see-me-now-you-dont.webp,4f85c30a9648f4e645fef3abc8534bde1281bf22
docs/player-facing/assets/icons/features/one-shot-kill.webp,184824,assets/icons/features/one-shot-kill.webp,38ece2f373a2f7d6c00237eb21a1f1ed7523d4fb
docs/player-facing/assets/icons/features/overdrive.webp,170130,assets/icons/features/overdrive.webp,9b25db5ccdefcfd7449f5625dc804cda833215fa
docs/player-facing/assets/icons/features/overseer-protocol.webp,203006,assets/icons/ice/overseer-protocol.webp,cb537097c3e9f8e2719f929afc07b9bf5eefe0ec
docs/player-facing/assets/icons/features/penetration.webp,148576,assets/icons/features/penetration.webp,12e5ffd7e68b3d5e1d65c3fca4f1192e41868731
docs/player-facing/assets/icons/features/pinning-strike.webp,175420,assets/icons/features/pinning-strike.webp,58e3ba2290cce9393070a8f1a1f05c9429d8d5e8
docs/player-facing/assets/icons/features/pinpoint.webp,168890,assets/icons/features/pinpoint.webp,0cfaf68bfb110a366e9464f4a4f38905cde1dc2d
docs/player-facing/assets/icons/features/point-blank-devastation.webp,169466,assets/icons/features/point-blank-devastation.webp,31572ec42ec80dc633bff4752fe607ba35210b07
docs/player-facing/assets/icons/features/power-up.png,2166232,assets/icons/subclasses/power-up.png,c88dc9225ad48d600de2d45800cdb4cbc55c94ce
docs/player-facing/assets/icons/features/power-up.webp,229006,assets/icons/subclasses/power-up.webp,5e3450ea20a66110328529f4598b729d7424c82a
docs/player-facing/assets/icons/features/primary-drone-upgrade.webp,214804,assets/icons/subclasses/primary-drone-upgrade.webp,9aa6497678819c7c7a17d0bb348501e227b75aac
docs/player-facing/assets/icons/features/primary-drone.webp,198056,assets/icons/subclasses/primary-drone.webp,172bb333b3433a8ba8f50ee2e0067dc166f580a7
docs/player-facing/assets/icons/features/protection-assignment.webp,1870,assets/icons/subclasses/protection-assignment.webp,bfb79b0a11b734c04e199a0cf4cff4f67d5e2cc4
docs/player-facing/assets/icons/features/quantum-lattice.webp,245940,assets/icons/subclasses/quantum-lattice.webp,03e11b3bb241dd78d442346e9bcf7ca6eab2da23
docs/player-facing/assets/icons/features/quick-draw.webp,182676,assets/icons/features/quick-draw.webp,d1109dcfbd2db3b8f0b63a93e6aecad9084072d5
docs/player-facing/assets/icons/features/quick-hack.webp,319428,assets/icons/subclasses/quick-hack.webp,1a0888402be2db22378757dbd60d553a777e27ec
docs/player-facing/assets/icons/features/quick-reflexes.webp,329528,assets/icons/subclasses/quick-reflexes.webp,ddf21b6c2da1e0a51b9ee01197c02e2b9f860b53
docs/player-facing/assets/icons/features/rail-shot.webp,156558,assets/icons/features/rail-shot.webp,7242adb61408465680c4f261aad7bf3975fe8905
docs/player-facing/assets/icons/features/reality-cut.webp,165568,assets/icons/features/reality-cut.webp,4ad1341632ada7fd08fbb9294a52eb91d4823d79
docs/player-facing/assets/icons/features/reality-fissure.webp,250124,assets/icons/subclasses/reality-fissure.webp,dd092679ad9dcd7844334d308c5d324b8361dcbb
docs/player-facing/assets/icons/features/reboot.webp,223844,assets/icons/subclasses/reboot.webp,36962f977dde4279bb3234960bbd396b6a01e8a4
docs/player-facing/assets/icons/features/reprogram-reality.webp,101136,assets/icons/subclasses/reprogram-reality.webp,a3ae8f8163b7ef25588c8f21f55c7eb7d604e6f9
docs/player-facing/assets/icons/features/resolve.webp,223484,assets/icons/subclasses/resolve.webp,01a7c9f7e0772494fe89144c715cf7ed48e5e4bc
docs/player-facing/assets/icons/features/resonant-overdrive.webp,180522,assets/icons/subclasses/resonant-overdrive.webp,19541feefce757edccb5ee22dc6c6cefe8d36eda
docs/player-facing/assets/icons/features/reverb.webp,116904,assets/icons/subclasses/reverb.webp,648b3953a39f93c2745d9acd7344d2060ba7d823
docs/player-facing/assets/icons/features/ride-the-wave.webp,157976,assets/icons/subclasses/ride-the-wave.webp,95d6dbf22d9837e098f007eccccf174e0ed348e5
docs/player-facing/assets/icons/features/rigger.webp,290078,assets/icons/classes/rigger.webp,760e74549c40f6c81035bf7b29aae64b50cdca18
docs/player-facing/assets/icons/features/satellite-link.webp,181908,assets/icons/features/satellite-link.webp,b3b98c47006051db107615ed59846591ca695db9
docs/player-facing/assets/icons/features/scatter.webp,162580,assets/icons/features/scatter.webp,b265a07c6d471b86f3d7f10187e536d6cabbd3dc
docs/player-facing/assets/icons/features/schlieren-patterns.webp,234572,assets/icons/subclasses/schlieren-patterns.webp,8af241c788c07ec8d005aee61454c0b572226dd1
docs/player-facing/assets/icons/features/scoped.webp,150880,assets/icons/features/scoped.webp,e9c2da90d84c36cb2556fec39f33d4fea4eec8d0
docs/player-facing/assets/icons/features/scrambler-field.webp,210242,assets/icons/ice/scrambler-field.webp,65123c907b5c2d9ec45109d8738dada27a700053
docs/player-facing/assets/icons/features/self-sharpening.webp,160184,assets/icons/features/self-sharpening.webp,5dbbfa03f71cc8f4e71b34f4fada16245fa3592a
docs/player-facing/assets/icons/features/sever-reality.webp,152842,assets/icons/features/sever-reality.webp,94ae9de2b9ff0a364894fecdb89cb328bc10f6a1
docs/player-facing/assets/icons/features/shrapnel-storm.webp,182882,assets/icons/features/shrapnel-storm.webp,2c3f7e5510b60978de485806f01409e88e610d33
docs/player-facing/assets/icons/features/shredding-burst.webp,174326,assets/icons/features/shredding-burst.webp,29f0e1b0a29244e0e773f125c814b3d5acc75caa
docs/player-facing/assets/icons/features/silent-kill.webp,154584,assets/icons/features/silent-kill.webp,c8d651087de5336f3e64bb18b18d3c1324e4fb8b
docs/player-facing/assets/icons/features/siren.webp,161452,assets/icons/ice/siren.webp,47abdc4d252863ca309d4306e4dc5ed600f3626a
docs/player-facing/assets/icons/features/situational-awareness.webp,1418,assets/icons/subclasses/situational-awareness.webp,09f2ab1896e1fdf251dd4a500ae749d438f68d1d
docs/player-facing/assets/icons/features/sleaze-gate.webp,202616,assets/icons/ice/sleaze-gate.webp,bb1f9f8b44a5b7349c7230bd9a17006b00a8573b
docs/player-facing/assets/icons/features/slice-in-two.webp,160780,assets/icons/features/slice-in-two.webp,f284b14384d24727c9f2f7ad8be29f1d3cb9a92b
docs/player-facing/assets/icons/features/smartlink.webp,169458,assets/icons/features/smartlink.webp,653c75eee5114c1d0579066ff01fdadbe30fff1a
docs/player-facing/assets/icons/features/soulcatcher.webp,233740,assets/icons/ice/soulcatcher.webp,e40cf00e5f7338e82b335b052777bbc5fec1da96
docs/player-facing/assets/icons/features/speed-racer.webp,393864,assets/icons/subclasses/speed-racer.webp,542c520ca2c4ca73dd1c2fa577167cccc6d28fea
docs/player-facing/assets/icons/features/sphere-of-control.webp,2518,assets/icons/subclasses/sphere-of-control.webp,636373706740daea5530ceaf4c869a26428f62a0
docs/player-facing/assets/icons/features/spinal-sever.webp,179984,assets/icons/features/spinal-sever.webp,6c44ce03d5082c5d041d5e39a843c43e9be5b3ec
docs/player-facing/assets/icons/features/spray-down.webp,169572,assets/icons/features/spray-down.webp,a728b3a699185411b03ee5a17692ff896ea53019
docs/player-facing/assets/icons/features/stabilizing-influence.webp,131922,assets/icons/subclasses/stabilizing-influence.webp,60efa0f24ba2138196a58240e655b2b2ceb73ef2
docs/player-facing/assets/icons/features/stillpoint.webp,263804,assets/icons/subclasses/stillpoint.webp,95d4febac69d975087ada5d1530de51e2713f6e0
docs/player-facing/assets/icons/features/street-samuri.webp,359458,assets/icons/classes/street-samurai.webp,378bf4f48d593b72550736d56612c4a75084f75e
docs/player-facing/assets/icons/features/suppression-killzone.webp,166842,assets/icons/features/suppression-killzone.webp,59f662492cf0576c4e5441bf38937e8a9cc78288
docs/player-facing/assets/icons/features/suppressive-fire.webp,138026,assets/icons/features/suppressive-fire.webp,4217a3d59ae3e73a06f6c15ee98c998c961f4870
docs/player-facing/assets/icons/features/system-overload.webp,167082,assets/icons/features/system-overload.webp,9fbb74934463f3b0ae8a81b8fc5184f762cccaae
docs/player-facing/assets/icons/features/system-shutdown.webp,175290,assets/icons/features/system-shutdown.webp,27814c796e0ae1f8e459442e0fc2f046ff91c116
docs/player-facing/assets/icons/features/tactical-nuke-micro.webp,211870,assets/icons/features/tactical-nuke-micro.webp,dec7babe3bf3bec8c93a427d0194fac695478447
docs/player-facing/assets/icons/features/tar-pit.webp,72112,assets/icons/ice/tar-pit.webp,1ec6a9032a4c09d808fd9823be2a6b329d0eec00
docs/player-facing/assets/icons/features/the-right-drone-for-the-job.webp,247282,assets/icons/subclasses/the-right-drone-for-the-job.webp,c67b9bbbcec911f6b1d320ddc94e2e8207de1810
docs/player-facing/assets/icons/features/through-and-through.webp,154878,assets/icons/features/through-and-through.webp,bbdab23cef8d2795b59b72d79112a14005451584
docs/player-facing/assets/icons/features/two-foci.webp,2442,assets/icons/subclasses/two-foci.webp,799cae9e585b228651f94460f0b24049b2bfc3c8
docs/player-facing/assets/icons/features/whirlwind.webp,192698,assets/icons/subclasses/whirlwind.webp,f9c090452eb58fcf1a9d3dbfc5d02c42942f7c6d
docs/player-facing/assets/icons/features/wide-scatter.webp,174582,assets/icons/features/wide-scatter.webp,97ea0329362068643d76993e314b9be1f09c3b7e
docs/player-facing/assets/icons/features/wrecking-ball-aka-the-lord-of-chaos.webp,288826,assets/icons/subclasses/wrecking-ball-aka-the-lord-of-chaos.webp,971c48f2b493cb7f9305d22022b0fd8b868b3de9
docs/player-facing/assets/icons/features/wrecking-ball.png,1709870,assets/icons/subclasses/wrecking-ball.png,b61e58eb6989f533b5316a1f5bb3834a2daf47a8
docs/player-facing/assets/icons/features/wrecking-ball.webp,760,assets/icons/subclasses/wrecking-ball.webp,19ff3f8ae4c65a49c9101ba3f2b76c05bd8bceec
docs/player-facing/assets/icons/features/youre-in-my-sights.webp,272726,assets/icons/subclasses/youre-in-my-sights.webp,1ac591f085a95ece1fecba6a66ec64be7b337701
docs/player-facing/assets/icons/features/zero-mirror.webp,136870,assets/icons/ice/zero-mirror.webp,e2eaccecba12c3286ae464afb5d1a29dc0f434a5
docs/player-facing/assets/icons/ice/ash-cloud.webp,271756,assets/icons/ice/ash-cloud.webp,7506e857bedfffc3fa0db854a03dd0e51922af44
docs/player-facing/assets/icons/ice/black-ice.webp,89934,assets/icons/ice/black-ice.webp,b9ec793b5bce5f19f32503962a3b3a6988af25ce
docs/player-facing/assets/icons/ice/brainstorm.webp,251650,assets/icons/ice/brainstorm.webp,033c55e2a6ba89a980f08af71d9150dcaaf14c6c
docs/player-facing/assets/icons/ice/daemon-host.webp,187740,assets/icons/ice/daemon-host.webp,f764b49f475363c05f5c59b2f36ac8bf8bca37bd
docs/player-facing/assets/icons/ice/data-hound.webp,163522,assets/icons/ice/data-hound.webp,2519725a31e13cab06369ada71303e5e55fadfcb
docs/player-facing/assets/icons/ice/eclipse-wall.webp,108956,assets/icons/ice/eclipse-wall.webp,d3da764df1a9297fad027d56b32790cea3de9a1b
docs/player-facing/assets/icons/ice/firewall-hydra.webp,163664,assets/icons/ice/firewall-hydra.webp,826a90869db7132d215332b2f2f1861c4f07eaff
docs/player-facing/assets/icons/ice/frostline.webp,166884,assets/icons/ice/frostline.webp,98cd200744a20c9cd6d466c4634d15a9d79ee54a
docs/player-facing/assets/icons/ice/grinder.webp,216180,assets/icons/ice/grinder.webp,9e999a0b131e9439c8ce6bd1fce755a0863d5873
docs/player-facing/assets/icons/ice/heavens-gate.webp,120784,assets/icons/ice/heavens-gate.webp,b578bcd53b96707930fdaffd8a8e0f9aea2bbe10
docs/player-facing/assets/icons/ice/kraken-ice.webp,191402,assets/icons/ice/kraken-ice.webp,2760f0635b6e899be5704c5a06ec2291c8d88e54
docs/player-facing/assets/icons/ice/mirror-maze.webp,165840,assets/icons/ice/mirror-maze.webp,8e086fb5e09722b1ab3b6d3059f98cf83bef1785
docs/player-facing/assets/icons/ice/neural-ripper.webp,248724,assets/icons/ice/neural-ripper.webp,bed227f4e937a09184a99252d274dfb671911506
docs/player-facing/assets/icons/ice/overseer-protocol.webp,203006,assets/icons/ice/overseer-protocol.webp,cb537097c3e9f8e2719f929afc07b9bf5eefe0ec
docs/player-facing/assets/icons/ice/scrambler-field.webp,210242,assets/icons/ice/scrambler-field.webp,65123c907b5c2d9ec45109d8738dada27a700053
docs/player-facing/assets/icons/ice/siren.webp,161452,assets/icons/ice/siren.webp,47abdc4d252863ca309d4306e4dc5ed600f3626a
docs/player-facing/assets/icons/ice/sleaze-gate.webp,202616,assets/icons/ice/sleaze-gate.webp,bb1f9f8b44a5b7349c7230bd9a17006b00a8573b
docs/player-facing/assets/icons/ice/soulcatcher.webp,233740,assets/icons/ice/soulcatcher.webp,e40cf00e5f7338e82b335b052777bbc5fec1da96
docs/player-facing/assets/icons/ice/tar-pit.webp,72112,assets/icons/ice/tar-pit.webp,1ec6a9032a4c09d808fd9823be2a6b329d0eec00
docs/player-facing/assets/icons/ice/zero-mirror.webp,136870,assets/icons/ice/zero-mirror.webp,e2eaccecba12c3286ae464afb5d1a29dc0f434a5
docs/player-facing/assets/icons/loot/arc-data-gem.webp,265606,"assets/icons/consumables/arc-data-gem.webp;assets/icons/loot/arc-data-gem.webp",af9026baf7a7f8bdadab4c949a51a045001cc243
docs/player-facing/assets/icons/loot/arc-empty-chest-module.webp,275426,"assets/icons/consumables/arc-empty-chest-module.webp;assets/icons/loot/arc-empty-chest-module.webp",1bd72527465179d260b1d39e7589ff930940d26a
docs/player-facing/assets/icons/loot/arc-greatstone-relay.webp,168838,"assets/icons/consumables/arc-greatstone-relay.webp;assets/icons/loot/arc-greatstone-relay.webp",e1948fbb385256fc573b545b22625549b2305c05
docs/player-facing/assets/icons/loot/arc-intrusion-key.webp,284902,"assets/icons/consumables/arc-intrusion-key.webp;assets/icons/loot/arc-intrusion-key.webp",73d5fa279383ce19aa1a2ef460412aed625cea9f
docs/player-facing/assets/icons/loot/arc-memory-stone.webp,257794,"assets/icons/consumables/arc-memory-stone.webp;assets/icons/loot/arc-memory-stone.webp",d3327701c35952ef448e6d6dc280dac51d0432ff
docs/player-facing/assets/icons/loot/arc-nanoshot.webp,252812,"assets/icons/consumables/arc-nanoshot.webp;assets/icons/loot/arc-nanoshot.webp",f0f1bd1fc0cf5297e34a3beead42f636ce6bca5d
docs/player-facing/assets/icons/loot/arc-stride-relic-shard.webp,208234,"assets/icons/consumables/arc-stride-relic-shard.webp;assets/icons/loot/arc-stride-relic-shard.webp",9d7e212a177da0ee2ab4188b11762f039d3c1a10
docs/player-facing/assets/icons/loot/black-glider-beacon.webp,130452,"assets/icons/consumables/black-glider-beacon.webp;assets/icons/loot/black-glider-beacon.webp",83e3290db7875e6d0c3d8286371297a01ce7394c
docs/player-facing/assets/icons/loot/chrome-data-gem.webp,181634,"assets/icons/consumables/chrome-data-gem.webp;assets/icons/loot/chrome-data-gem.webp",65044a62eea28398c867da35d9a462044ae632ec
docs/player-facing/assets/icons/loot/chrome-fire-jar-beacon.webp,163248,"assets/icons/consumables/chrome-fire-jar-beacon.webp;assets/icons/loot/chrome-fire-jar-beacon.webp",0ab7d0e4087a7e396b58c8f52970c29c5bc6698c
docs/player-facing/assets/icons/loot/chrome-flickerfly-pendant-driver.webp,254486,"assets/icons/consumables/chrome-flickerfly-pendant-driver.webp;assets/icons/loot/chrome-flickerfly-pendant-driver.webp",3e3322dafb58bde3047702370ea03e1010cd250d
docs/player-facing/assets/icons/loot/chrome-haptics.webp,401314,"assets/icons/consumables/chrome-haptics.webp;assets/icons/loot/chrome-haptics.webp",f4c4404b8e658af15ea6dc604ace4cb1940f2780
docs/player-facing/assets/icons/loot/chrome-homing-compasses-beacon.webp,149604,"assets/icons/consumables/chrome-homing-compasses-beacon.webp;assets/icons/loot/chrome-homing-compasses-beacon.webp",d9eb67b4d23cd356ca8e9a5c94bc77a5d1d75664
docs/player-facing/assets/icons/loot/cipher-arc-torch.webp,88368,"assets/icons/consumables/cipher-arc-torch.webp;assets/icons/loot/cipher-arc-torch.webp",8cecaf0a905865f1114ff1748848927892516f14
docs/player-facing/assets/icons/loot/cipher-calming-pendant-lens.webp,155990,"assets/icons/consumables/cipher-calming-pendant-lens.webp;assets/icons/loot/cipher-calming-pendant-lens.webp",ca2e69aefc1397e24392256482381ae83265de63
docs/player-facing/assets/icons/loot/cipher-luck-patch.webp,273296,"assets/icons/consumables/cipher-luck-patch.webp;assets/icons/loot/cipher-luck-patch.webp",d0a89bef69a6ea6ffda382558d804d16c0864aab
docs/player-facing/assets/icons/loot/cipher-shard-of-node.webp,185802,"assets/icons/consumables/cipher-shard-of-node.webp;assets/icons/loot/cipher-shard-of-node.webp",1e082190cb5fd742643e0b5c4ef48d68111f5be8
docs/player-facing/assets/icons/loot/flux-bolster-relic-relay.webp,163858,"assets/icons/consumables/flux-bolster-relic-relay.webp;assets/icons/loot/flux-bolster-relic-relay.webp",b32c5769c462d0606fb0f7334053d18fa1a8e529
docs/player-facing/assets/icons/loot/flux-circuit-ring.webp,307796,"assets/icons/consumables/flux-circuit-ring.webp;assets/icons/loot/flux-circuit-ring.webp",5dfcf3b205429a504b8909c66ebd15c7aa039a8c
docs/player-facing/assets/icons/loot/flux-speaking-orbs-key.webp,238164,"assets/icons/consumables/flux-speaking-orbs-key.webp;assets/icons/loot/flux-speaking-orbs-key.webp",8d778524600260a32a3ac18eff0c3235a007480a
docs/player-facing/assets/icons/loot/ghost-attune-relic-mask.webp,198544,"assets/icons/consumables/ghost-attune-relic-mask.webp;assets/icons/loot/ghost-attune-relic-mask.webp",ad237a71d0f4b8557fbd264e8690138445622210
docs/player-facing/assets/icons/loot/ghost-clay-companion-relay.webp,295200,"assets/icons/consumables/ghost-clay-companion-relay.webp;assets/icons/loot/ghost-clay-companion-relay.webp",a1c498b6c511e0cec9ff561949112e853a0ad162
docs/player-facing/assets/icons/loot/ghost-control-relic-injector.webp,154304,"assets/icons/consumables/ghost-control-relic-injector.webp;assets/icons/loot/ghost-control-relic-injector.webp",82919e835f67dae5fce54dbfc855b007fe445c3d
docs/player-facing/assets/icons/loot/ghost-ghostweave-cloak.webp,164116,"assets/icons/consumables/ghost-ghostweave-cloak.webp;assets/icons/loot/ghost-ghostweave-cloak.webp",7625edac5a3670dc2c92c2de4de0b7d62b2b6cab
docs/player-facing/assets/icons/loot/ghost-hopekeeper-locket-node.webp,176990,"assets/icons/consumables/ghost-hopekeeper-locket-node.webp;assets/icons/loot/ghost-hopekeeper-locket-node.webp",cec6732614814aeb2b48507edfdc8552123fe6bd
docs/player-facing/assets/icons/loot/ghost-luck-patch.webp,372500,"assets/icons/consumables/ghost-luck-patch.webp;assets/icons/loot/ghost-luck-patch.webp",9aa47615799ab6625f53b8161e67c773753796c5
docs/player-facing/assets/icons/loot/grid-arcane-prism-lens.webp,288520,"assets/icons/consumables/grid-arcane-prism-lens.webp;assets/icons/loot/grid-arcane-prism-lens.webp",8b9c4592373ef809e564f12f09a4b7b48799dd66
docs/player-facing/assets/icons/loot/grid-valorstone-injector.webp,293394,"assets/icons/consumables/grid-valorstone-injector.webp;assets/icons/loot/grid-valorstone-injector.webp",68272284d57119432c1270a4e4309e85afaa92a0
docs/player-facing/assets/icons/loot/grid-vial-of-driver.webp,314974,"assets/icons/consumables/grid-vial-of-driver.webp;assets/icons/loot/grid-vial-of-driver.webp",98bddb42784e1b0b45abc018cbb8198a78d0a4d9
docs/player-facing/assets/icons/loot/mirror-circuit-ring.webp,247110,"assets/icons/consumables/mirror-circuit-ring.webp;assets/icons/loot/mirror-circuit-ring.webp",b37bdba0b39753a317a7d33e3ef0d586e65fee8c
docs/player-facing/assets/icons/loot/mirror-corrector-sprite-mask.webp,312086,"assets/icons/consumables/mirror-corrector-sprite-mask.webp;assets/icons/loot/mirror-corrector-sprite-mask.webp",e34d88923dcbfdd99dc78ac6874ad51731a44f0a
docs/player-facing/assets/icons/loot/mirror-grav-boots.webp,290868,"assets/icons/consumables/mirror-grav-boots.webp;assets/icons/loot/mirror-grav-boots.webp",9919203b06cb332e7e28725fad5e3d3591af2c9d
docs/player-facing/assets/icons/loot/mirror-nanoshot.webp,111018,"assets/icons/consumables/mirror-nanoshot.webp;assets/icons/loot/mirror-nanoshot.webp",0ce497852454e85e8a4474c34344c46f71fab931
docs/player-facing/assets/icons/loot/nano-cache-pack.webp,308752,"assets/icons/consumables/nano-cache-pack.webp;assets/icons/loot/nano-cache-pack.webp",e1f96e660f4df2816f9853a91329d1a55e12a8e5
docs/player-facing/assets/icons/loot/nano-data-gem.webp,217228,"assets/icons/consumables/nano-data-gem.webp;assets/icons/loot/nano-data-gem.webp",79a1b58b9d6c5e66b61ab7958628675e8f75ca87
docs/player-facing/assets/icons/loot/nano-lorekeeper-patch.webp,235800,"assets/icons/consumables/nano-lorekeeper-patch.webp;assets/icons/loot/nano-lorekeeper-patch.webp",fe750f625ed8af8ecb8a68f8d072b4fca81fe58b
docs/player-facing/assets/icons/loot/nano-woven-net-module.webp,219432,"assets/icons/consumables/nano-woven-net-module.webp;assets/icons/loot/nano-woven-net-module.webp",057b3345de5ca95d2f808b11a67cb3047c6421ea
docs/player-facing/assets/icons/loot/neo-circuit-ring.webp,204828,"assets/icons/consumables/neo-circuit-ring.webp;assets/icons/loot/neo-circuit-ring.webp",532e20abafe6f9a012004f4990aaaba892ab91ad
docs/player-facing/assets/icons/loot/neo-dual-flask-driver.webp,150628,"assets/icons/consumables/neo-dual-flask-driver.webp;assets/icons/loot/neo-dual-flask-driver.webp",d6010624832e9dc2736e735dcb3aa5c15ff5abec
docs/player-facing/assets/icons/loot/opti-bloodstone-injector.webp,201638,"assets/icons/consumables/opti-bloodstone-injector.webp;assets/icons/loot/opti-bloodstone-injector.webp",748c88cb5ecd52a76a833f19fca12b41ed602b76
docs/player-facing/assets/icons/loot/opti-companion-case-key.webp,237374,"assets/icons/consumables/opti-companion-case-key.webp;assets/icons/loot/opti-companion-case-key.webp",0176ea0651f7d2c4b41f417187f695ee32eacba5
docs/player-facing/assets/icons/loot/opti-honing-relic-patch.webp,232406,"assets/icons/consumables/opti-honing-relic-patch.webp;assets/icons/loot/opti-honing-relic-patch.webp",1bd3dc4dcf89dfea1d6209b938c65b89b14a7e54
docs/player-facing/assets/icons/loot/opti-suspended-rod-spike.webp,161876,"assets/icons/consumables/opti-suspended-rod-spike.webp;assets/icons/loot/opti-suspended-rod-spike.webp",e11df628a9b02f7b41d62acdb53c71b055f8a0d0
docs/player-facing/assets/icons/loot/quantum-box-of-chip.webp,291508,"assets/icons/consumables/quantum-box-of-chip.webp;assets/icons/loot/quantum-box-of-chip.webp",66a2289da89aa4c091808005ae2a0c22a4282671
docs/player-facing/assets/icons/loot/quantum-cache-pack.webp,235664,"assets/icons/consumables/quantum-cache-pack.webp;assets/icons/loot/quantum-cache-pack.webp",3c30c5ec65d3f32717e9313ac18ea9b63a621487
docs/player-facing/assets/icons/loot/quantum-charging-quiver-module.webp,203208,"assets/icons/consumables/quantum-charging-quiver-module.webp;assets/icons/loot/quantum-charging-quiver-module.webp",80524df555946c93e39994ad544ca0f525dd0b90
docs/player-facing/assets/icons/loot/quantum-piper-whistle-injector.webp,250608,"assets/icons/consumables/quantum-piper-whistle-injector.webp;assets/icons/loot/quantum-piper-whistle-injector.webp",f679bed0b769dfa31aa6b1f48606ffb406eb652e
docs/player-facing/assets/icons/loot/street-data-gem.webp,205632,"assets/icons/consumables/street-data-gem.webp;assets/icons/loot/street-data-gem.webp",43e4111e54aa972ed8d6968986d119763431e07d
docs/player-facing/assets/icons/loot/street-mythic-dust-cache.webp,202642,"assets/icons/consumables/street-mythic-dust-cache.webp;assets/icons/loot/street-mythic-dust-cache.webp",7ab79e25de55e3ce4eeb8616806a7d4fa6291882
docs/player-facing/assets/icons/loot/street-paragons-chain-injector.webp,256668,"assets/icons/consumables/street-paragons-chain-injector.webp;assets/icons/loot/street-paragons-chain-injector.webp",6805ff1f2ed516236348e998edd63ab979165149
docs/player-facing/assets/icons/loot/street-phoenix-feather-module.webp,260660,"assets/icons/consumables/street-phoenix-feather-module.webp;assets/icons/loot/street-phoenix-feather-module.webp",d4462f75e7cf488f5543e751976ba47fe4636bc8
docs/player-facing/assets/icons/loot/street-portal-seed-seal.webp,118798,"assets/icons/consumables/street-portal-seed-seal.webp;assets/icons/loot/street-portal-seed-seal.webp",35c3ab1a3e8e9fef8e4eb415050389ec14a4f802
docs/player-facing/assets/icons/loot/synth-data-gem.webp,254242,"assets/icons/consumables/synth-data-gem.webp;assets/icons/loot/synth-data-gem.webp",f4cd4675b5ed3aa5ee702c225238d840d48cafaa
docs/player-facing/assets/icons/loot/synth-enlighten-relic-patch.webp,259808,"assets/icons/consumables/synth-enlighten-relic-patch.webp;assets/icons/loot/synth-enlighten-relic-patch.webp",00721230183e9bac7f6630d66b56f7657633114c
docs/player-facing/assets/icons/loot/synth-manacles-spike.webp,211016,"assets/icons/consumables/synth-manacles-spike.webp;assets/icons/loot/synth-manacles-spike.webp",5f8975e222be0b37b3d1246e3daa70b1f9ef5f16
docs/player-facing/assets/icons/loot/synth-premium-bedroll-key.webp,184974,"assets/icons/consumables/synth-premium-bedroll-key.webp;assets/icons/loot/synth-premium-bedroll-key.webp",3782d062f553715f9993cd57f831938f37359f5c
docs/player-facing/assets/icons/loot/synth-utility-belt.webp,352590,"assets/icons/consumables/synth-utility-belt.webp;assets/icons/loot/synth-utility-belt.webp",329a85f8681cede4e7e5e0e5fac4e5bca89eb90b
docs/player-facing/assets/icons/loot/zero-piercing-arrows-patch.webp,342716,"assets/icons/consumables/zero-piercing-arrows-patch.webp;assets/icons/loot/zero-piercing-arrows-patch.webp",68de7daef9b6bb7a7a38ff4ba080220540231795
docs/player-facing/assets/icons/loot/zero-quantum-amulet.webp,246376,"assets/icons/consumables/zero-quantum-amulet.webp;assets/icons/loot/zero-quantum-amulet.webp",ee37ab955971f732b7d490a00755787c9175b409
docs/player-facing/assets/icons/mods/adaptive-ballistics-computer.webp,102164,assets/icons/mods/adaptive-ballistics-computer.webp,12f9e0cd1c23f23ea56adc4e95ab336e950f635c
docs/player-facing/assets/icons/mods/aim-assist.webp,226314,assets/icons/mods/aim-assist.webp,ddacc7b7f620dbae4cc20ed9ecea4f49ba4f2ab4
docs/player-facing/assets/icons/mods/armor-piercing-slug-rail.webp,154030,assets/icons/mods/armor-piercing-slug-rail.webp,1fe8b1efa4cee87624b33c8406c0e9c291f4ffaa
docs/player-facing/assets/icons/mods/ballistic-enhancement-barrel.webp,113258,assets/icons/mods/ballistic-enhancement-barrel.webp,8686d32018f18a2d91a292c3e7980fe22c3c3d47
docs/player-facing/assets/icons/mods/ballistic-servo-sight.webp,209246,assets/icons/mods/ballistic-servo-sight.webp,ad3fc268b6c187cba49d065954e0718692ffdbc2
docs/player-facing/assets/icons/mods/caseless-high-cap-mag.webp,104640,assets/icons/mods/caseless-high-cap-mag.webp,468fca0a2b695ea17e50a015deb556d95c1c36c1
docs/player-facing/assets/icons/mods/flash-diverter-strobe-muzzle.webp,96084,assets/icons/mods/flash-diverter-strobe-muzzle.webp,6a9dc378fe07d6cb803d8ecd10050ecff3f12b2b
docs/player-facing/assets/icons/mods/gauss-coil-retrofit.webp,102306,assets/icons/mods/gauss-coil-retrofit.webp,4a702eb476dea725511040690e55527d29af08f5
docs/player-facing/assets/icons/mods/gyro-stabilizer.webp,121582,assets/icons/mods/gyro-stabilizer.webp,6528ec961c5af5f581e5f94278a07c9abbb5b6ed
docs/player-facing/assets/icons/mods/holo-displacer-camo.webp,129762,assets/icons/mods/holo-displacer-camo.webp,257d8716513a905b823349732386e9b250cdd3c3
docs/player-facing/assets/icons/mods/laser-sight.webp,177486,assets/icons/mods/laser-sight.webp,2fe6b3636530559808061eed215161f8de30d494
docs/player-facing/assets/icons/mods/monofilament-edge-adapter.webp,131286,assets/icons/mods/monofilament-edge-adapter.webp,6d5fd9c96cec06dc01b57ebd5930f6b4aa21cc99
docs/player-facing/assets/icons/mods/reactive-ammo-loader.webp,166212,assets/icons/mods/reactive-ammo-loader.webp,3374b501531238cf5b5fae8d33a2310318fb2f1d
docs/player-facing/assets/icons/mods/reactive-shrapnel-shells.webp,94866,assets/icons/mods/reactive-shrapnel-shells.webp,f34f7c8449315c97ea171c54273de94686c5ec90
docs/player-facing/assets/icons/mods/recoildamp-armature.webp,216826,assets/icons/mods/recoildamp-armature.webp,b79f9995b7f67e07f45ccca38352139b4b3c157a
docs/player-facing/assets/icons/mods/shock-damping-frame.webp,198794,assets/icons/mods/shock-damping-frame.webp,4ccecbeb6467223ecc9b2a91fe9275fecda465e8
docs/player-facing/assets/icons/mods/smart-safety-override.webp,238880,assets/icons/mods/smart-safety-override.webp,4f8cdc2f9ac99607532c0a0f8f30170534a78fbc
docs/player-facing/assets/icons/mods/smartlink.webp,147674,assets/icons/mods/smartlink.webp,80aad3543c4729674c05bb38454a1eab56805692
docs/player-facing/assets/icons/mods/subsonic-suppressor.webp,199966,assets/icons/mods/subsonic-suppressor.webp,faf6c9d55dc9a396fb8752bf9fcbf690abc4fa4d
docs/player-facing/assets/icons/mods/telescopic-sight-mki.webp,141836,assets/icons/mods/telescopic-sight-mki.webp,9cb1f9d07dcd349e118efdca4d5dd950c684260d
docs/player-facing/assets/icons/subclasses/amplifier.webp,1412,assets/icons/subclasses/amplifier.webp,c3723c5b7e9200b69c7b1a74e8a4fdcdd848b9d1
docs/player-facing/assets/icons/subclasses/bodyguard.webp,2010,assets/icons/subclasses/bodyguard.webp,53955a1b88d1f63c6166842396b560fd4867c5e1
docs/player-facing/assets/icons/subclasses/dampener.webp,492,assets/icons/subclasses/dampener.webp,01a0223cc0a1ebe3a2ef697fb799a036e0f2589f
docs/player-facing/assets/icons/subclasses/ghost-in-the-machine.png,1880226,assets/icons/subclasses/ghost-in-the-machine.png,0e8e4bdea274a0985cbb11691da73db2f1959237
docs/player-facing/assets/icons/subclasses/ghost-in-the-machine.webp,3360,assets/icons/subclasses/ghost-in-the-machine.webp,cf122a688dfa9a3a72a3831a4ebf5343aaf8ad68
docs/player-facing/assets/icons/subclasses/jack-of-all-trades.webp,281638,assets/icons/subclasses/jack-of-all-trades.webp,f590160d3ba6d36786a516a3060c8985f27c66e3
docs/player-facing/assets/icons/subclasses/mercenary.webp,187536,assets/icons/subclasses/mercenary.webp,d8e1d9519535f42d07c0670178ae316786a0855b
docs/player-facing/assets/icons/subclasses/speed-racer.webp,393864,assets/icons/subclasses/speed-racer.webp,542c520ca2c4ca73dd1c2fa577167cccc6d28fea
docs/player-facing/assets/icons/subclasses/street-samuri.webp,298562,assets/icons/subclasses/street-samuri.webp,a95209e5c21e74a444651d9aef27bb7d91b527ba
docs/player-facing/assets/icons/subclasses/walker.png,1578104,assets/icons/subclasses/walker.png,2c671b9bf80ba69c9eaf4d9013b2f8071215eb8e
docs/player-facing/assets/icons/subclasses/weaver.png,1530844,assets/icons/subclasses/weaver.png,986e2eccfbd6e71a4d52093f1079f30689c91586
docs/player-facing/assets/icons/subclasses/wrecking-ball-aka-the-lord-of-chaos.webp,288826,assets/icons/subclasses/wrecking-ball-aka-the-lord-of-chaos.webp,971c48f2b493cb7f9305d22022b0fd8b868b3de9
docs/player-facing/assets/icons/subclasses/wrecking-ball.png,1709870,assets/icons/subclasses/wrecking-ball.png,b61e58eb6989f533b5316a1f5bb3834a2daf47a8
docs/player-facing/assets/icons/subclasses/wrecking-ball.webp,760,assets/icons/subclasses/wrecking-ball.webp,19ff3f8ae4c65a49c9101ba3f2b76c05bd8bceec
docs/player-facing/assets/icons/weapons/advanced-assault-rifle.webp,161712,assets/icons/weapons/advanced-assault-rifle.webp,8197b09eee5e53b0269a460550e7cb84de907c6b
docs/player-facing/assets/icons/weapons/advanced-smg.webp,163114,assets/icons/weapons/advanced-smg.webp,9ec7628f8e8c4ca0305634c45e7427267c0a4a29
docs/player-facing/assets/icons/weapons/annihilation-grenade.webp,176774,assets/icons/weapons/annihilation-grenade.webp,9d9d966464f0b231bb47ba7088d338fecd454b7c
docs/player-facing/assets/icons/weapons/anti-materiel-sniper.webp,144392,assets/icons/weapons/anti-materiel-sniper.webp,03829278330f10b2efaaacd603ecab1e3e5be1ec
docs/player-facing/assets/icons/weapons/assault-rifle.webp,159512,assets/icons/weapons/assault-rifle.webp,fbce48fea89a679d5527bc21762a1a3c46791eda
docs/player-facing/assets/icons/weapons/cluster-grenade.webp,172326,assets/icons/weapons/cluster-grenade.webp,32b049050e5549ba68f044c4bbe9334545692120
docs/player-facing/assets/icons/weapons/combat-vibro-blade.webp,161042,assets/icons/weapons/combat-vibro-blade.webp,6e12c4e6969ff0bb6f93234576f9dfcce62ec853
docs/player-facing/assets/icons/weapons/compact-smg.webp,161562,assets/icons/weapons/compact-smg.webp,f0859ed8312eafeee5a423f4e02dd8657824e089
docs/player-facing/assets/icons/weapons/cyber-spur.webp,142336,assets/icons/weapons/cyber-spur.webp,7ac4da14cdafce26d17b7567319a60ae5acca983
docs/player-facing/assets/icons/weapons/emp-cascade.webp,178922,assets/icons/weapons/emp-cascade.webp,9baca172d739231289f68bd4bd007fe71e50b939
docs/player-facing/assets/icons/weapons/emp-grenade-plus.webp,200182,assets/icons/weapons/emp-grenade-plus.webp,6cb64824043a0e130daba9dc5fe626ed7e92f912
docs/player-facing/assets/icons/weapons/emp-grenade.webp,167372,assets/icons/weapons/emp-grenade.webp,7899328525a6ee37057eff79249ee90500635908
docs/player-facing/assets/icons/weapons/emp-singularity.webp,172408,assets/icons/weapons/emp-singularity.webp,e0664661d44df73b84934c89168933cde7e3e451
docs/player-facing/assets/icons/weapons/fragmentation-grenade-plus.webp,189748,assets/icons/weapons/fragmentation-grenade-plus.webp,1ede17f5215c5a08af10fd5416f4ae7246e5979a
docs/player-facing/assets/icons/weapons/fragmentation-grenade.webp,171234,assets/icons/weapons/fragmentation-grenade.webp,d85e1488a2c1a06377b090ffdb29fd6ba6661600
docs/player-facing/assets/icons/weapons/gauss-rifle.webp,177088,assets/icons/weapons/gauss-rifle.webp,9e41dcc769d53e9c34f8ada327572b387d2fc5b2
docs/player-facing/assets/icons/weapons/heavy-shock-baton.webp,194318,assets/icons/weapons/heavy-shock-baton.webp,0ec2d12ec4c076cb3823928c7fe5599b7b5b8fda
docs/player-facing/assets/icons/weapons/improved-cyber-spur.webp,167962,assets/icons/weapons/improved-cyber-spur.webp,e71bda24a9ca53ea4d84367fcd44799a8cebd370
docs/player-facing/assets/icons/weapons/improved-monofilament-whip.webp,167688,assets/icons/weapons/improved-monofilament-whip.webp,2f047c362b2495d04aa11a2c9a61a41dbb1ce9e9
docs/player-facing/assets/icons/weapons/improved-shock-baton.webp,182560,assets/icons/weapons/improved-shock-baton.webp,1a461ac30d6ab64782f1af35052793ae9b50b892
docs/player-facing/assets/icons/weapons/improved-vibro-knife.webp,168878,assets/icons/weapons/improved-vibro-knife.webp,f96eff08c74b4d0c2fd16ad076378febfb64c4b5
docs/player-facing/assets/icons/weapons/legendary-monofilament-whip.webp,171098,assets/icons/weapons/legendary-monofilament-whip.webp,e734da5dfe24d195ce70050f836654d598113561
docs/player-facing/assets/icons/weapons/military-assault-rifle.webp,256012,assets/icons/weapons/military-assault-rifle.webp,9a51d76b91cc7a0889bcca1ea316d7b37da935a5
docs/player-facing/assets/icons/weapons/nano-vibro-blade.webp,173758,assets/icons/weapons/nano-vibro-blade.webp,d2c789961876fa108ab9e0005721dd800b88d0c8
docs/player-facing/assets/icons/weapons/orbital-sniper-rifle.webp,138808,assets/icons/weapons/orbital-sniper-rifle.webp,28cfd9132d6324164d5b7377610c2adebf07720c
docs/player-facing/assets/icons/weapons/plasma-shotgun.webp,172918,assets/icons/weapons/plasma-shotgun.webp,d0ede2b2a9b5cefcb3a0989c58c2313c00de2bcc
docs/player-facing/assets/icons/weapons/prototype-smg.webp,171766,assets/icons/weapons/prototype-smg.webp,1a107117a6f108d565a5629a5031be1e7fe45432
docs/player-facing/assets/icons/weapons/riot-shotgun.webp,159398,assets/icons/weapons/riot-shotgun.webp,8f92dc785f6f0ef9f7984719dbee55f7df405d4a
docs/player-facing/assets/icons/weapons/scoped-sniper-rifle.webp,175070,assets/icons/weapons/scoped-sniper-rifle.webp,fb6bfb38ec1b081208ab83031df7943a31970f88
docs/player-facing/assets/icons/weapons/shock-baton.webp,183492,assets/icons/weapons/shock-baton.webp,602dac3f0faeb055b86b347f6a7f773c92af7213
docs/player-facing/assets/icons/weapons/shotgun.webp,267284,assets/icons/weapons/shotgun.webp,a64c6ee56c69ce4a05217fe3c67d9a2c6e4db3bf
docs/player-facing/assets/icons/weapons/smartpistol-elite.webp,170990,assets/icons/weapons/smartpistol-elite.webp,f9ddb40e6b36ff745470dd0e226c6453fe4b1796
docs/player-facing/assets/icons/weapons/smartpistol-mk-ii.webp,168360,assets/icons/weapons/smartpistol-mk-ii.webp,3007058c76e0ae6c54efd35b3d8b1c435f2154b8
docs/player-facing/assets/icons/weapons/smartpistol-omega.webp,173934,assets/icons/weapons/smartpistol-omega.webp,7e504538a48408f47efdc908b9faca12ff6149ee
docs/player-facing/assets/icons/weapons/smartpistol.webp,183802,assets/icons/weapons/smartpistol.webp,5d43565f0daef103840db8b61ed9e72bea9761e9
docs/player-facing/assets/icons/weapons/smg-machine-pistol.webp,176768,assets/icons/weapons/smg-machine-pistol.webp,e7dca550b6e0080d579dac23236dce5fba2a5383
docs/player-facing/assets/icons/weapons/sniper-rifle.webp,109708,assets/icons/weapons/sniper-rifle.webp,4f651403a0c4eb0db22b306844c9cfd365221412
docs/player-facing/assets/icons/weapons/street-sweeper-shotgun.webp,169700,assets/icons/weapons/street-sweeper-shotgun.webp,90940051cc5e76f3566ebc2471b2dd74bbaa76a1
docs/player-facing/assets/icons/weapons/throwing-knives.webp,166294,assets/icons/weapons/throwing-knives.webp,50f35e45c5d0493ad0ff9951a300aa321d241128
docs/player-facing/assets/icons/weapons/thunder-baton.webp,163326,assets/icons/weapons/thunder-baton.webp,1747cc9099c37888cfd1e387f33d5b4240921b31
docs/player-facing/assets/icons/weapons/titanium-cyber-spurs.webp,182690,assets/icons/weapons/titanium-cyber-spurs.webp,784198ac4eed42242428370f0125a7efefcdfc3a
docs/player-facing/assets/icons/weapons/vibro-knife.webp,153610,assets/icons/weapons/vibro-knife.webp,1ba14a08364b1ad2763bdfbb2eff0a5b92f814b9
docs/player-facing/assets/icons/weapons/whip-monofilament.webp,356184,assets/icons/weapons/whip-monofilament.webp,199aa0a6a100b38857f6640a280798ff8c650baf
docs/player-facing/assets/images/ancestory/clank.webp,320412,assets/images/ancestory/clank.webp,ac8e7674c445360f43bcaeb7046ca1442b3a61a1
docs/player-facing/assets/images/ancestory/drakona.webp,254286,assets/images/ancestory/drakona.webp,dfbb0964e7386afc6863a911950ae97182ebbe23
docs/player-facing/assets/images/ancestory/dwarf.webp,290812,assets/images/ancestory/dwarf.webp,6957d3ac3147249258188f4f5844a7532a1c3313
docs/player-facing/assets/images/ancestory/elf.webp,288580,assets/images/ancestory/elf.webp,9bdf4fe8c4fe361720f0e28390f20eaf112161e3
docs/player-facing/assets/images/ancestory/faerie.webp,369986,assets/images/ancestory/faerie.webp,c728ee878d5787ecf5b3961fb5c352ea4ed10add
docs/player-facing/assets/images/ancestory/faun.webp,388018,assets/images/ancestory/faun.webp,7dda1189bbf565238d6a5541eee9df742a23439f
docs/player-facing/assets/images/ancestory/firbolg.webp,277412,assets/images/ancestory/firbolg.webp,d02c0c1a3704a8d9e67da0a823b91906689b1ec3
docs/player-facing/assets/images/ancestory/fungril.webp,339456,assets/images/ancestory/fungril.webp,c4c792e85d06ba0a5c5da034731912dbce9b29c3
docs/player-facing/assets/images/ancestory/galapa.webp,254450,assets/images/ancestory/galapa.webp,729b69c22353bfced213c5d94e13c820831eb937
docs/player-facing/assets/images/ancestory/giant.webp,334356,assets/images/ancestory/giant.webp,e23ac52392bce8780417bf6c1a1e13097afccb84
docs/player-facing/assets/images/ancestory/goblin.webp,367940,assets/images/ancestory/goblin.webp,668804da458d96775042b5af57289bb5fd947cb6
docs/player-facing/assets/images/ancestory/halfling.webp,272616,assets/images/ancestory/halfling.webp,3d096f6549ccbe04ad29dca8cd67e5d46f053e49
docs/player-facing/assets/images/ancestory/human.webp,270558,assets/images/ancestory/human.webp,f6aba2592262e21318a56434aa836ff53fc8021f
docs/player-facing/assets/images/ancestory/infernis.webp,242288,assets/images/ancestory/infernis.webp,d8726f59cb7a55a7515877abca1bcd0398bdf487
docs/player-facing/assets/images/ancestory/katari.webp,399990,assets/images/ancestory/katari.webp,aaa06531d1829b37c247e52a07369ac6ceb3010d
docs/player-facing/assets/images/ancestory/orc.webp,148702,assets/images/ancestory/orc.webp,3fc510864deb43decba48c498b4f66656b7ea72e
docs/player-facing/assets/images/ancestory/ribbet.webp,119600,assets/images/ancestory/ribbet.webp,f38820c9a6b9438052d2b2b7aa4a94fd052209ad
docs/player-facing/assets/images/ancestory/simiah.webp,284878,assets/images/ancestory/simiah.webp,f57a385cfd41e4a1cbc86c003a5daa928131947b
docs/player-facing/assets/images/communities/currentborn.webp,137178,assets/images/communities/currentborn.webp,cfb3c4560cddcf7f599968eb6524a4e9776e3454
docs/player-facing/assets/images/communities/databorne.webp,431354,assets/images/communities/databorne.webp,9ecd197ddae6c95b9026cfdc3c39d437d443f463
docs/player-facing/assets/images/communities/directiveborn.webp,312810,assets/images/communities/directiveborn.webp,b5a3622c201c5b0958e58d8e23579c399f4e3132
docs/player-facing/assets/images/communities/executiveborn.webp,212032,assets/images/communities/executiveborn.webp,ff65f6b77b1f25ba924cc9bf9b583fef1e569448
docs/player-facing/assets/images/communities/greenborn.webp,329526,assets/images/communities/greenborn.webp,32ffd89c180c043b16d65678ce0b79a396a9cef7
docs/player-facing/assets/images/communities/nomadborn.webp,382962,assets/images/communities/nomadborn.webp,ffbe15931836ffbb0867a091702281b822236a41
docs/player-facing/assets/images/communities/skyborne.webp,189108,assets/images/communities/skyborne.webp,0b70335340036a698c37e3d44333d43752119185
docs/player-facing/assets/images/communities/streetborn.webp,253586,assets/images/communities/streetborn.webp,e02224d7425ec7cf6584a50853ac3b4753255551
docs/player-facing/assets/images/communities/substrataborn.webp,312826,assets/images/communities/substrataborn.webp,daa9e38bcacf5e7c1f8769221fde93f4f30b6586
docs/player-facing/assets/images/environments/abraxas-ritual-cave.png,2102565,assets/images/environments/abraxas-ritual-cave.png,1886608ee9da3bf9220d5441012a3b46847cc897
docs/player-facing/assets/images/environments/cascadia-mountain-valley.png,3377000,assets/images/environments/cascadia-mountain-valley.png,6a098caefec2b1b12d49ed5120879f5d1a0412f2
docs/player-facing/assets/images/environments/corporate office.png,2653480,assets/images/environments/corporate office.png,6f63f5da2c7b6e49e15dbcacb570ca6f95de8ed6
docs/player-facing/assets/images/environments/cut-off.png,1900575,assets/images/environments/cut-off.png,c1dec88e3e9f449e3e7ba9f7d797d4c88b2cc6ea
docs/player-facing/assets/images/environments/Grist Stalls.png,2507736,assets/images/environments/Grist Stalls.png,4ccd2eb3c65ecce7be1faf5fe34c2f30cb42c1e4
docs/player-facing/assets/images/environments/Highway rush hour.png,2709003,assets/images/environments/Highway rush hour.png,01883824b11cea34602958957b5cfe229ec726c5
docs/player-facing/assets/images/environments/Midnight streets.png,2769329,assets/images/environments/Midnight streets.png,0de9d2177c6750903de0e09701c76288a4fd21d1
docs/player-facing/assets/images/environments/neon-diner.png,1621599,assets/images/environments/neon-diner.png,393f5d8ebb572af2c028f28cc238e1ea5aacadd9
docs/player-facing/assets/images/environments/pedestrians.png,2111789,assets/images/environments/pedestrians.png,689c62caa128d185bcd5947c7a59771c46c6bb21
docs/player-facing/assets/images/environments/police-pursuit.png,1935672,assets/images/environments/police-pursuit.png,eb661121ab037095aa9f18e7f7a083794321bc08
docs/player-facing/assets/images/environments/Renn's Supply Hut.png,2350153,assets/images/environments/Renn's Supply Hut.png,501f2db59c389f9171e83ae3462354abfd6b842b
docs/player-facing/assets/images/environments/Screenshot 2026-05-06 182303.png,1347610,assets/images/environments/Screenshot 2026-05-06 182303.png,74c0d9c63f946112796b0bf7eff5a5a4b5d93d6f
docs/player-facing/assets/images/environments/seattle_underflow_grid.png,2553980,assets/images/environments/seattle_underflow_grid.png,5aeac6c8b90c16da42433e1fc48caa7ea79064c6
docs/player-facing/assets/images/environments/short-cut.png,2039007,assets/images/environments/short-cut.png,4d4072d906b82a69dbb2480787686593c22369d0
docs/player-facing/assets/images/environments/slick-road.png,2073128,assets/images/environments/slick-road.png,8a10473aa70a4783e8e2ff1b89899fdf1930cfda
docs/player-facing/assets/images/environments/the-rave-dance-floor.png,2372466,assets/images/environments/the-rave-dance-floor.png,2d8b7f2b2cb0e2b9159413507076af31b86a5c8d
docs/player-facing/assets/images/npcs/kade-stonewall-harrow.png,2729836,assets/images/npcs/kade-stonewall-harrow.png,fe67b38ba070b3f4cad079603a6e72fa8168f257
docs/player-facing/assets/images/npcs/lira-slipstream-calder.png,2249145,assets/images/npcs/lira-slipstream-calder.png,05d060841fce89f155ca86dcdafb49a1dfbbf171
docs/player-facing/assets/images/npcs/mara-ma-kuroda.png,2618703,assets/images/npcs/mara-ma-kuroda.png,ec9eb1333a477c73cf2d5c0e8ad996cda23fb76e
docs/player-facing/assets/images/npcs/nox-phantomware-kade.png,3060737,assets/images/npcs/nox-phantomware-kade.png,ca42ab95de07e4dc4dced85dcc81316e9a914574
docs/player-facing/assets/images/npcs/sera-brightline-vance.png,3322567,assets/images/npcs/sera-brightline-vance.png,030dfb78a57f69c8c3488a1cab4dcfd7d7312ea0
docs/player-facing/assets/images/world/the-razz.png,2711264,assets/images/world/the-resonance.png,87c98933b5d59aeaf7854e32b18ce37e1369b64b
docs/player-facing/assets/images/world/the-resonance.png,2711264,assets/images/world/the-resonance.png,87c98933b5d59aeaf7854e32b18ce37e1369b64b
